Birth,Death,Co Efficient,Name
,,0.188,Maria Antonia
1661,1700,0.125,Charles_II
1651,1673,0.125,Margaret Teresa
1661,1711,0.125,Louis de_France
21 FEB 1937,,0.088,Harald
1930,,0.088,Ragnhild Alexandra
1932,,0.088,Astrid Maud Ingeborg
1791,1791,0.078,Christian
18 JAN 1808,30 MAY 1891,0.078,Wilhelmine
1792,1793,0.078,Marie Louise
1793,1881,0.078,Caroline
1795,1795,0.078,Louise
1797,1797,0.078,Christian
1802,1802,0.078,Louise Juliane
1805,1805,0.078,Frederica Maria
1889,1945,0.070,Waldemar
1900,1904,0.070,Henry
2 JUL 1903,17 JAN 1991,0.065,Olav_V
1833,1834,0.064,Frederick
5 AUG 1828,30 MAR 1871,0.064,Louise
1836,1846,0.064,William
1841,1910,0.064,Marie
1935,,0.063,Elizabeth
1940,,0.063,Ingolf
1942,,0.063,Christian
28 JAN 1768,3 DEC 1839,0.063,Frederick_VI
1771,1843,0.063,Louise Augusta
1848,1921,0.063,William_II of_Wurttemberg
1707,1708,0.063,Frederick Louis
1710,1711,0.063,Frederick William
24 JAN 1712,17 AUG 1786,0.063,Frederick_II the_Great
1713,1714,0.063,Charlotte Albertine
1714,1784,0.063,Frederica Louise
1716,1801,0.063,Philippine Charlotte
1717,1719,0.063,Louis Charles William
1719,1765,0.063,Sophia
1720,1782,0.063,Louise Ulrika
1725,1787,0.063,Anna Amelia
1726,1802,0.063,Henry
1730,1813,0.063,Ferdinand
21 NOV 1840,5 AUG 1901,0.063,Victoria Adelaide Mary
9 NOV 1841,6 MAY 1910,0.063,Edward_VII
25 APR 1843,14 DEC 1878,0.063,Alice Maud Mary
6 AUG 1844,30 JUL 1900,0.063,Alfred Ernest Albert
25 MAY 1846,9 JUN 1923,0.063,Helena Augusta Victoria
18 MAR 1848,3 DEC 1939,0.063,Louise Caroline Alberta
1 MAY 1850,16 JAN 1942,0.063,Arthur William Patrick
7 APR 1853,28 MAR 1884,0.063,Leopold George Duncan
14 APR 1857,26 OCT 1944,0.063,Beatrice Mary Victoria
7 JAN 1796,6 NOV 1817,0.063,Charlotte Augusta
1909,1967,0.063,Kira of_Russia
1722,1758,0.063,Augustus William
30 AUG 1917,,0.063,Vladimir Cyrilovitch
1907,1951,0.063,Maria of_Russia
1662,1689,0.063,Marie Louise
1669,1728,0.063,Anna Maria
1942,,0.0513916015625,Irene of_Greece
1938,,0.0513916015625,Sophia of_Greece
2 JUN 1940,,0.0513916015625,Constantine_II
1931,1937,0.0372314453125,Louis
1933,1937,0.0372314453125,Alexander
1936,1939,0.0372314453125,Joanna
,1943,0.035400390625,Alistair Arthur of_Connaught_2nd
19 JUN 1566,27 MAR 1625,0.0339165106415749,James_I
ABT    DEC 1473,9 APR 1484,0.033693790435791,Edward
,1499,0.033693790435791,Edward
ABT    1469,1541,0.033693790435791,Margaret of_Salisbury
1901,1954,0.0322265625,Martha of_Sweden
17 NOV 1905,29 AUG 1935,0.0322265625,Astrid of_Sweden
10 JAN 1911,,0.0322265625,Carl Gustaf Oscar
1899,1977,0.0322265625,Margaretha
1891,1941,0.0313720703125,Dmitri Pavlovich
1895,,0.0313720703125,Irina
1890,1958,0.0313720703125,Maria Pavlovna
1897,,0.0313720703125,Andrew
1898,,0.0313720703125,Theodore
1900,,0.0313720703125,Nikita
1901,,0.0313720703125,Dimitri
1902,,0.0313720703125,Rostislav
1907,,0.0313720703125,Vassily
1885,ABT    1969,0.03125,Alice of_Battenberg
1892,1938,0.03125,George
1900,27 AUG 1979,0.03125,Louis of_Burma
13 JUL 1889,7 MAR 1965,0.03125,Louise Alexandra
27 JAN 1365,1372,0.02392578125,Edward
6 JAN 1367,6 JAN 1400,0.02392578125,Richard_II
25 OCT 1921,,0.0235595703125,Michael
9 SEP 1935,,0.0205078125,Edward George Nicholas
25 DEC 1936,,0.0205078125,Alexandra
4 JUL 1942,,0.0205078125,Michael
1964,,0.0205078125,Vladimir K.
1965,,0.0205078125,Dimitrye K.
2 OCT 1452,22 AUG 1485,0.0195503234863281,Richard_III
28 APR 1442,9 APR 1483,0.0195503234863281,Edward_IV
,1460,0.0195503234863281,Edmund
,,0.0195503234863281,George
,1476,0.0195503234863281,Anne
,1503,0.0195503234863281,Elizabeth
,,0.0195503234863281,Margaret
,,0.0195503234863281,Ursula
23 JUN 1894,28 MAY 1972,0.018310546875,Edward_VIII
14 DEC 1895,6 FEB 1952,0.018310546875,George_VI
25 APR 1897,28 MAR 1965,0.018310546875,Mary
31 MAR 1900,1974,0.018310546875,Henry William Frederick
20 DEC 1902,25 AUG 1942,0.018310546875,George Edward Alexander
12 JUL 1905,18 JAN 1919,0.018310546875,John Charles Francis
1895-11-01,18 JUL 1918,0.01611328125,Olga Nicholovna
1897-06-01,18 JUL 1918,0.01611328125,Tatiana Nicholovna
1899-05-01,18 JUL 1918,0.01611328125,Maria Nicholovna
1901-06-01,18 JUL 1918,0.01611328125,Anastasia Nicholovna
12 AUG 1904,18 JUL 1918,0.01611328125,Alexis Nicolaievich
1965,,0.01605224609375,Alexia
1967,,0.01605224609375,Paul of_Sparta
1969,,0.01605224609375,Nicholas
,1484,0.0156402587890625,Isabel
,1460,0.0156402587890625,Richard
30 NOV 1906,1968,0.015625,Marina of_Greece
1822,1916,0.015625,Augusta Caroline
1833,1897,0.015625,Mary Adelaide 'Fat_Mary'
,,0.015625,Child_2
,,0.015625,Child_3
1819,1904,0.015625,George of_Cambridge
,,0.015625,Olga
,,0.015625,Elizabeth
14 NOV 1948,,0.01495361328125,Charles Philip Arthur
15 AUG 1950,,0.01495361328125,Anne Elizabeth Alice
19 FEB 1960,,0.01495361328125,Andrew Albert Christian
10 MAR 1964,,0.01495361328125,Edward Anthony Richard
1917,,0.0118408203125,Tatiana Elizabeth
1919,14 APR 1970,0.0118408203125,David of_Milford_Haven
1 DEC 1844,20 NOV 1925,0.01171875,Alexandra of_Denmark 'Alix'
1847,1928-10-01,0.01171875,Dagmar 'Marie' of_Denmark
24 DEC 1845,18 MAR 1913,0.01171875,William George_I of_the_Hellenes
1853,1933,0.01171875,Thyra of_Denmark
3 JUN 1843,14 MAY 1912,0.01171875,Frederick_VIII
1858,1939,0.01171875,Valdemar
,,0.0107421875,Dau._2
,,0.0107421875,Dau._3
1939,,0.0107421875,Friedrich Wilhelm of_Prussia
1939,,0.0107421875,Michael of_Prussia
1942,,0.0107421875,Marie-Cecile of_Prussia
1944,1977,0.0107421875,Louis Ferdinand of_Prussia
1946,,0.0107421875,Christian Sigismund of_Prussia
1913,,0.008544921875,Child_6
,,0.008544921875,Child_5
14 DEC 1901,6 MAR 1964,0.008544921875,Paul_I
2 MAY 1896,28 NOV 1982,0.008544921875,Helen of_Greece
1 AUG 1893,25 OCT 1920,0.008544921875,Alexander_I
,1928,0.008544921875,Rupert
,,0.008544921875,Son_2
1906,,0.008544921875,May Cambridge
19 JUL 1890,1 APR 1947,0.008544921875,George_II
25 APR 1284,21 SEP 1327,0.0078125,Edward_II
12 MAY 1684,12 MAY 1684,0.0078125,Daughter
2 JUN 1685,8 FEB 1687,0.0078125,Mary
12 MAY 1686,2 FEB 1687,0.0078125,Anne Sophia
22 OCT 1687,22 OCT 1687,0.0078125,Son
24 JUL 1689,30 JUL 1700,0.0078125,William of_Gloucester
14 OCT 1690,14 OCT 1690,0.0078125,Mary
17 APR 1692,17 APR 1692,0.0078125,George
23 MAR 1693,23 MAR 1693,0.0078125,Daughter
18 FEB 1696,18 FEB 1696,0.0078125,Daughter
20 SEP 1696,20 SEP 1696,0.0078125,Son
15 SEP 1698,15 SEP 1698,0.0078125,Son
25 JAN 1700,25 JAN 1700,0.0078125,Daughter
17 JUN 1264,12 OCT 1297,0.0078125,Eleanor
1265,1265,0.0078125,Joan
10 JUL 1266,3 AUG 1271,0.0078125,John
13 JUL 1267,14 OCT 1274,0.0078125,Henry
1271,1271,0.0078125,Julian (Katherine)
1272,23 APR 1307,0.0078125,Joan of_Acre
24 NOV 1273,19 AUG 1284,0.0078125,Alfonso
11 SEP 1275,1318,0.0078125,Margaret
1276,ABT    1279,0.0078125,Berengaria
11 MAR 1278,BEF  8 JUL 1332,0.0078125,Mary
12 MAR 1279,1291,0.0078125,Alice
1282-08-01,5 MAY 1316,0.0078125,Elizabeth
ABT    1286,,0.0078125,Beatrice
1290,1290,0.0078125,Blanche
1963,,0.0068359375,Helen
1965,,0.0068359375,Christine
1968,,0.0068359375,Philip of_Asturias
,,0.00592041015625,Margaret
1401,1418,0.00592041015625,Henry
1403,1444,0.00592041015625,John
,1455,0.00592041015625,Edmund
,1445,0.00592041015625,Joan
1945,,0.005859375,Alexander
20 SEP 1486,2 APR 1502,0.00525021553039551,Arthur
28 NOV 1489,18 OCT 1541,0.00525021553039551,Margaret
28 JUN 1491,28 JAN 1547,0.00525021553039551,Henry_VIII
2 JUL 1492,14 SEP 1495,0.00525021553039551,Elizabeth
18 MAR 1496,25 JUN 1533,0.00525021553039551,Mary
21 FEB 1499,19 JUN 1500,0.00525021553039551,Edmund
2 FEB 1503,1503,0.00525021553039551,Katherine
1512,1542,0.0051271915435791,James_V
6 DEC 1792,17 MAR 1849,0.0048828125,William_II of_Netherlands
1797,1881,0.0048828125,Frederik of_Netherlands
1800,1806,0.0048828125,Charlotte
1810,1883,0.0048828125,Marianne of_Netherlands
4 APR 1366,20 MAR 1413,0.0047607421875,Henry_IV
ABT    1360,1415,0.0047607421875,Philippa of_Lancaster
1364,1426,0.0047607421875,Elizabeth
1944,,0.00408935546875,Benedikte
30 AUG 1946,,0.00408935546875,Anne-Marie of_Denmark
16 APR 1940,,0.00408935546875,Mergrethe_II
30 APR 1909,,0.00396728515625,Juliana of_Netherlands
1905,,0.00396728515625,Albrecht (Albert)
1901,1914,0.00396728515625,Luitpold
1902,1903,0.00396728515625,Irmingard
1909,1912,0.00396728515625,Rudolf
26 MAY 1867,24 MAR 1953,0.00390625,Mary_of_Teck (May)
1868,1927,0.00390625,Adolphus 2nd
1870,1910,0.00390625,Francis
1874,1957,0.00390625,Alexander George of_Teck
18 APR 1917,6 FEB 1981,0.002197265625,Frederica of_Hanover
1914,1987,0.002197265625,Ernest Augustus of_Hanover
1915,,0.002197265625,George William
1919,1981,0.002197265625,Christian
1923,,0.002197265625,Guelph Henry
1929,,0.002197265625,Monika of_Solms-Laubach
13 NOV 1312,21 JUN 1377,0.001953125,Edward_III
ABT 15 AUG 1316,14 SEP 1336,0.001953125,John of_Eltham
18 JUN 1318,22 APR 1355,0.001953125,Eleanor
5 JUL 1321,7 SEP 1362,0.001953125,Joan of_the_Tower
8 JAN 1864,14 JAN 1892,0.001953125,Albert Victor Christian
3 JUN 1865,20 JAN 1936,0.001953125,George_V
20 FEB 1867,4 JAN 1931,0.001953125,Louise Victoria Alexandra
6 JUL 1868,3 DEC 1935,0.001953125,Victoria Alexandra Olga
26 NOV 1869,20 NOV 1938,0.001953125,Maude Charlotte Mary
6 APR 1871,7 APR 1871,0.001953125,John Alexander
1879,1948,0.001953125,Marie Louise
1880,1912,0.001953125,George William
1882,1963,0.001953125,Alexandra
1884,1958,0.001953125,Olga
1885,1901,0.001953125,Christian
1887,1953,0.001953125,Ernest Augustus of_Brunswick
19 FEB 1594,6 NOV 1612,0.001953125,Henry Frederick
19 AUG 1596,13 FEB 1662,0.001953125,Elizabeth
24 DEC 1598,1600-03-01,0.001953125,Margaret
19 NOV 1600,30 JAN 1649,0.001953125,Charles_I
18 JAN 1602,27 MAY 1602,0.001953125,Robert
1603-05-01,1603-05-01,0.001953125,Son
8 APR 1605,16 SEP 1607,0.001953125,Mary
22 JUN 1606,23 JUN 1606,0.001953125,Sophia
1872,1957,0.00146484375,Charles Haakon_VII
1878,1958,0.00146484375,Ingeborg of_Denmark
26 SEP 1870,20 APR 1947,0.00146484375,Christian_X
1876,1949,0.00146484375,Harold
1880,1945,0.00146484375,Thyra
1887,1944,0.00146484375,Gustav
1890,1961,0.00146484375,Dagmar
1875,1906,0.00146484375,Louise
1876,1940,0.001220703125,Mary
1882,1944,0.001220703125,Andrew of_Greece
1870,1891,0.001220703125,Alexandra of_Greece
1872,1938,0.001220703125,Nicholas of_Greece
2 AUG 1868,11 JAN 1923,0.001220703125,Constantine_I
1888,1940,0.001220703125,Christopher
1869,1957,0.001220703125,George
,,0.001220703125,Olga
24 JAN 1924,29 MAR 1992,0.0009765625,Edward John VIII
1545,1567,0.0006103515625,Henry
8 MAY 1909,,0.0006103515625,Lennart Gustaf Nicholas
,1576,0.0006103515625,Charles
,1283,0.00048828125,Margaret
941,986,0.00048828125,Lothar
954,986,0.00048828125,Charles Lower_Lorraine
15 OCT 1959,,0.00048828125,Sarah Margaret
26 AUG 1957,,0.00048828125,Jane Louisa
27 JAN 1859,4 JUN 1941,0.00030517578125,William_II
10 JUN 1921,,0.00030517578125,Philip
1862,1929,0.00030517578125,Henry of_Prussia
1864,1866,0.00030517578125,Sigismund
1866,1929,0.00030517578125,Victoria
1868,1879,0.00030517578125,Waldemar
14 JUN 1870,13 JAN 1932,0.00030517578125,Sophie of_Prussia
1860,1919,0.00030517578125,Charlotte of_Saxe- Meiningen
1872,1954,0.00030517578125,Margarete of_Hesse
1905,1981,0.00030517578125,Margarita
1906,1960,0.00030517578125,Theodora
1850,1918,0.00030517578125,Nicholas
1851,1926,0.00030517578125,Olga Constantinovna
1911,1937,0.00030517578125,Cecilie of_Greece
1914,,0.00030517578125,Sophia
1858,1915,0.00030517578125,Constantine
1860,1919,0.00030517578125,Dimitri
,,0.000244140625,Donough Cairbreach
1869,1870,0.000244140625,Alexander Alexandrovich
1745,1747,0.000244140625,Christian
1746,1813,0.000244140625,Sophia Magdalena
1747,1820,0.000244140625,Caroline
1750,1831,0.000244140625,Louise
18 MAY 1868,16 JUL 1918,0.000244140625,Nicholas_II Alexandrovich
1871,1899-07-01,0.000244140625,George Alexandrovich
1875,20 APR 1960,0.000244140625,Xenia
1878,10 JUL 1918,0.000244140625,Michael 'Mischa' Alexandrovich
1 JUN 1882,24 NOV 1960,0.000244140625,Olga Alexandrovna
29 JAN 1749,13 MAR 1808,0.000244140625,Christian_VII
1874,1899,0.0001220703125,Alfred
29 OCT 1875,10 JUL 1938,0.0001220703125,Marie of_Saxe-Coburg and_Gotha
1876,1936,0.0001220703125,Victoria Melita of_Edinburgh
1878,1942,0.0001220703125,Alexandra
1884,1966,0.0001220703125,Beatrice
1897,1972,0.0001220703125,Cynthia Elinor Beatrix
1906,1947,0.0001220703125,Gustav Adolf
7 JUN 1907,,0.0001220703125,Sigvard Oscar Fredrik
28 FEB 1912,,0.0001220703125,Bertil Gustaf Oscar
31 OCT 1916,,0.0001220703125,Carl Johan Arthur
28 MAR 1910,,0.0001220703125,Ingrid Victoria of_Sweden
1900,,0.0001220703125,Katharine
1904,1979,0.0001220703125,James
,,0,Henry 1st
3 MAY 1826,19 AUG 1872,0,Charles_XV
1808,1870,0,Louisa of_Prussia
1946,,0,Mireille
1938,,0,Alexandra of_Ysenburg_and Budingen
1914,,0,Sophie of_Greece
1925,1980,0,Ortrud of_Schleswig- Holstein
1952,,0,Marie
1954,,0,Ernest Augustus of_Hanover
28 NOV 1955,29 NOV 1989,0,Ludwig Rudolph
1958,,0,Olga
1959,,0,Alexandra
1961,,0,Heinrich Julius
,,0,Michael
,,0,Chantal
1983,,0,Ernest Augustus
1985,,0,Christian Heinrich
1962,29 NOV 1989,0,Isabella Valsassina
1988,,0,Otto
,,0,Andreas of_Leiningen
,,0,Max of_Baden
,,0,Frederick Francis_IV of_Mecklenburg
,,0,Margrethe of_Denmark
,,0,Constantine
,,0,Euphrosine
,,0,Son
15 SEP 1895,28 JUN 1977,0,Elena (Magda)
,,0,
,,0,
,,0,Petros
,,0,Maria
1732,1797,0,Frederick Eugene
1736,1798,0,Frederica of_Brandenburg- Schwedt
1764,1788,0,Augusta of_Brunswick
1781,1864,0,William_I of_Wurttemberg
1783,1835,0,Catherine
1783,1784,0,Sophia Dorothea
1785,1852,0,Paul
1792,1873,0,Charlotte of_Bavaria
1788,1819,0,Catherine of_Russia
1816,1887,0,Marie
17 JUN 1818,3 JUN 1877,0,Sophie
1800,1873,0,Pauline of_Wurttemberg
1821,1898,0,Catherine
1823,1891,0,Charles_I of_Wurttemberg
1826,1898,0,Augusta
1822,1892,0,Olga of_Russia
,,0,Hermann of_Saxe-Weimar
1787,1847,0,Charlotte of_Saxe- Hildburghausen
1807,1873,0,Charlotte
1808,1870,0,Frederick
1809,1810,0,Paul
1810,1856,0,Pauline
1813,1885,0,August
1857,1882,0,Marie of_Waldeck and_Pyrmont
1877,1965,0,Pauline
1880,1880,0,Ulrich
,,0,Frederick
1864,1946,0,Charlotte of_Schaumburg- Lippe
1903,1978,0,Nicholas
1909,,0,Ileana
1913,2 NOV 1916,0,Mircea
1835,1905,0,Leopold of_Hohenzollern
1845,1913,0,Antonia of_Portugal
1864,1927,0,William of_Hohenzollern
1868,1919,0,Charles Anthony
1872,1958,0,Josephine of_Belgium
1811,1885,0,Charles Anthony
1813,1900,0,Josephine of_Baden
1837,1859,0,Stephanie
20 APR 1839,10 OCT 1914,0,Carol_I of_Romania
1841,1866,0,Anthony
1843,1904,0,Frederick
1845,1912,0,Marie
,,0,Pedro_V
29 DEC 1843,3 MAR 1916,0,Elisabeth of_Wied
,,0,Louise of_Thurn and_Taxis
1837,1905,0,Philip of_Flanders
1869,1891,0,Baudouin
1870,1948,0,Henriette (twin)
1870,1871,0,Josephine (twin)
8 APR 1875,17 FEB 1934,0,Albert_I
25 JUL 1876,23 NOV 1965,0,Elisabeth of_Bavaria
1903,1983,0,Charles of_Belgium
1906,,0,Marie Jose
1904,1983,0,Umberto_II
1927,,0,Josephine Charlotte
1934,,0,Albert
1921,,0,Jean of_Luxembourg
11 JUN 1928,,0,Fabiola de_Mora_y_Aragon
1937,,0,Paola di_Calabria
1960,,0,Philippe
1962,,0,Astrid
1963,,0,Laurent
1955,,0,Lorenz of_Austria-Este
28 NOV 1916,,0,Mary Liliane
1942,,0,Alexandre
1951,,0,Marie Christine
1956,,0,Marie Esmeralda
,,0,Paul
14 APR 1765,30 MAR 1796,0,Augusta Wilhelmine of_Hesse-
25 AUG 1786,29 FEB 1868,0,Ludwig_I
1788,1851,0,Auguste
1790,1794,0,Amelia
1795,1875,0,Charles
8 JUL 1792,26 OCT 1854,0,Therese of_Saxe- Hildburghausen
28 NOV 1811,10 MAR 1864,0,Maximilian_II
15 OCT 1825,17 MAY 1889,0,Marie of_Prussia
25 AUG 1845,13 JUN 1886,0,Ludwig_II
27 APR 1848,11 OCT 1916,0,Otto_I
,,0,5sons_1dau
1 JUN 1815,26 JUL 1867,0,Otto_I Friedrich Ludwig
1816,1817,0,Theodolinde
1821,1912,0,Luitpold
1823,1914,0,Adelgunde
1825,1864,0,Hildegarde
1828,1875,0,Adalbert
1800,1803,0,Maximilian
1801,1873,0,Elizabeth (twin) of_Bavaria
1801,1877,0,Amelia (twin)
1805,1877,0,Maria (twin)
1808,1892,0,Ludovica (Louise)
1810,1821,0,Maximiliana
,,0,Heinrich_XXII
8 NOV 1661,27 JUN 1683,0,Elizabeth Henrietta of_Hesse-Cassel
1680,1705,0,Louise
,,0,Frederick_I
16 MAY 1685,29 JUL 1735,0,Sophia Louise of_Mecklenburg-
1685,1686,0,Frederick Augustus
,,0,Son (stillborn)
1825,1864,0,Augusta of_Austria- Tuscany
1846,1930,0,Leopold
1850,1925,0,Therese
1852,1907,0,Amulf
1899,1954,0,Antoinette of_Luxembourg
1922,1958,0,Henry
1923,,0,Irmingard
1924,,0,Editha
1926,,0,Hilda
1927,,0,Gabriele
1935,,0,Sophie
,,0,Maximilian Joseph
1831,1920,0,Ludwig
1834,1858,0,Helene
1837,1898,0,Elizabeth
1839,1909,0,Karl Theodor 'Gackl'
1841,1925,0,Maria
1843,1925,0,Mathilde
1847,1897,0,Sophie
1849,1893,0,Maximilian
1857,1943,0,Maria Josepha of_Portugal
,,0,Alexander
1939,,0,Irene
1943,,0,Margaret
1947,,0,Mary Christina
6 SEP 1926,,0,Claus
1967,,0,William Alexander
1968,,0,John Friso
1969,,0,Constantine
,,0,Claus
,,0,Gosta
1823,1883,0,Frederick Francis_II of_Mecklenburg-
,,0,Marie of_Schwarzburg- Rudolstadt
,,0,Antoine de_Bourbon of_France
1831,1888,0,Helene of_Nassau Henrietta
6 DEC 1421,21 MAY 1471,0,Henry_VI
23 MAR 1429,25 AUG 1482,0,Margaret of_Anjou
9 AUG 1387,31 AUG 1422,0,Henry_V
27 OCT 1401,3 JAN 1437,0,Catherine of_Valois
,4 JUL 1394,0,Mary
1382-04-01,ABT    1382,0,Son
1388,22 MAR 1421,0,Thomas
20 JUN 1389,15 SEP 1435,0,John
1390-09-01,23 FEB 1447,0,Humphrey of_Gloucester
1392,21 MAY 1409,0,Blanche
4 JUL 1394,5 JAN 1430,0,Philippa
24 JUN 1311,14 AUG 1369,0,Philippa of_Hainault
15 JUN 1330,8 JUN 1376,0,Edward
16 JUN 1332,BEF    OCT 1382,0,Isabella
ABT    FEB 1335,2 SEP 1348,0,Joan (Joanna)
BEF 16 FEB 1337,BEF  8 JUL 1337,0,William of_Hatfield
29 NOV 1338,10 DEC 1363,0,Lionel of_Antwerp
1340-03-01,3 FEB 1399,0,John of_Gaunt
5 JUN 1341,1 AUG 1402,0,Edmund of_Langley
1342-03-01,1342-03-01,0,Blanche
10 OCT 1344,1361/1362,0,Mary
20 JUL 1346,AFT  1 OCT 1361,0,Margaret
24 JUN 1348,1348-09-01,0,William of_Windsor
7 JAN 1355,15 SEP 1396/1397,0,Thomas of_Woodstock
1341,12 SEP 1369,0,Blanche of_Lancaster
1830,1904,0,Isabella_II
1822,1902,0,Don_Francisco
1784,1833,0,Ferdinand_VII
7 DEC 1542,8 FEB 1587,0,Mary
19 JAN 1544,5 DEC 1560,0,Francis_II
,1576,0,James
1515,1560,0,Mary of_Guise
1451,1488,0,James_III
,,0,Richard de_Burgh
ABT    1430,1456,0,Edmund
,1509,0,Margaret of_Richmond
,,0,Rainald_II of_Gueldres
1391,1465,0,Charles of_Orleans
17 JUN 1239,7 JUL 1307,0,Edward_I (Longshanks)
ABT    1244,24 NOV 1290,0,Eleanor of_Castile
1279,14 FEB 1317,0,Marguerite of_France
1 JUN 1300,1338-08-01,0,Thomas of_Brotherton
5 AUG 1301,19 MAR 1330,0,Edmund of_Woodstock
4 MAY 1306,1311,0,Eleanor
1 OCT 1207,16 NOV 1272,0,Henry_III
ABT    1217,24 JUN 1291,0,Eleanor of_Provence
29 SEP 1240,26 FEB 1275,0,Margaret
25 JUN 1242,24 MAR 1275,0,Beatrice
16 JAN 1245,5 JUN 1296,0,Edmund Crouchback of_Leicester
ABT    1247,BEF    1256,0,Richard
ABT    1250,BEF    1256,0,John
25 NOV 1253,3 MAY 1257,0,Katherine
ABT    1256,ABT    1256,0,William
AFT    1256,ABT    1257,0,Henry
1734,1783,0,John
,1780,0,Georgiana
28 FEB 1792,26 OCT 1864,0,Henrietta
1754,1801,0,Paul_I
1759,1828,0,Maria Feodorovna of_Wurttemberg
1777,1825,0,Alexander_I
,,0,Yelizaveta Alekseyevna of_Baden
1779,,0,Konstantin
2 MAY 1729,17 NOV 1796,0,Catherine_II the_Great
1728,17 JUL 1762,0,Peter_III
1672,1725,0,Peter_I the_Great
1683,1727,0,Catherine_I
1708,1728,0,Anna Petrovna
1709,1761/1762,0,Elizabeth Petrovna
,,0,Yevdokiya Lopukhina
1690,1718,0,Alexis
,,0,Unknown
1715,1730,0,Peter_II
1629,1675/1676,0,Alexis_I Michaylovich
,1668,0,Maria Miroslavkaya
1662,1682,0,Feodor_III (Theodore)
1597,1645,0,Mikhail_III Feodorovich
1608,1645,0,Eudoxia
1651,1694,0,Natalia Narishkina
,,0,Unknown
1666,1696,0,Ivan_V
,,0,Unknown
1693,1740,0,Anna Ioannovna
,,0,Yekaterina of_Mecklenburg
,,0,Unknown
,,0,Anna Leopoldovna of_Brunswick
,,0,Unknown
1740,1741,0,Ivan_VI
,,0,Ivan
ABT    1657,,0,Sophia
1623,1691,0,Cyril
,,0,Jacquetta of_Luxembourg
1350,10 MAY 1403,0,Catherine Swynford
,1410,0,John Beaufort
,1447,0,Henry Beaufort
,,0,Joan Beaufort
,,0,Humphrey
,,0,Margaret
,23 NOV 1393,0,Isabella of_Castile
,1415,0,Edward
,,0,Anne
,,0,Isabel
5 SEP 1638,1 SEP 1715,0,Louis_XIV
,1460,0,Richard
,3 OCT 1399,0,Eleanor
,1398,0,Roger
,1405,0,Eleanor
,1425,0,Edmund
,1404,0,Violante of_Milan
,1382,0,Philippa of_Ulster
,1381,0,Edmund
,1481,0,Henry
,1504,0,Thomas
,1461,0,Owen
,1495/1496,0,Jasper
1880,1952,0,Natalia
1866,1929,0,Olga
1896,1918,0,Vladimir
1905,,0,Natalie
1908,,0,Irina
1910,1931,0,George
1868,1924,0,Peter of_Oldenburg
1882,1957,0,Helen Vladimirovna of_Russia
,,0,Charles of_Brunswick- Wolfenbuttel
24 DEC 1167,19 OCT 1216,0,John Lackland
,1217-11-01,0,Isabella De_Clare of_Gloucester
ABT    1188,31 MAY 1246,0,Isabella of_Angouleme
5 JAN 1209,1272,0,Richard
22 JUL 1210,4 MAR 1238,0,Joan
1214,1 DEC 1241,0,Isabella
1215,13 APR 1275,0,Eleanor
25 MAR 1133,6 JUL 1189,0,Henry_II Curtmantle
ABT    1122,1 APR 1204,0,Eleanor of_Aquitaine
17 AUG 1152,ABT    APR 1156,0,William
28 FEB 1155,11 JUN 1183,0,Henry the_Young_King
1156,28 JUN 1189,0,Matilda (Maud)
1157,6 APR 1199,0,Richard_I Coeur_de_Lion
23 SEP 1158,19 AUG 1186,0,Geoffrey
13 OCT 1162,31 OCT 1214,0,Eleanor
1165-10-01,4 SEP 1199,0,Joan
1027/1028,7 SEP 1087,0,William_I the_Conqueror
ABT    1031,2 NOV 1083,0,Matilda of_Flanders
1054,10 FEB 1134,0,Robert Curthose
ABT    1055,ABT    1081,0,Richard
1056/1060,2 AUG 1100,0,William_II Rufus
,30 JUL 1126,0,Cecilia of_Holy_Trinity
,,0,Agatha
,,0,Adeliza a_nun
ABT    1062,8 MAR 1137/1138,0,Adela
,,0,Matilda
ABT    1066,13 AUG 1090,0,Constance
ABT    SEP 1068,1 DEC 1135,0,Henry_I Beauclerc
1079/1080,1 MAY 1118,0,Matilda (Edith) of_Scotland
,1147,0,Robert of_Gloucester
BEF  5 AUG 1103,25 NOV 1120,0,William
ABT    1103/1104,10 SEP 1167,0,Matilda
ABT    1105,ABT 23 APR 1151,0,Adeliza of_Louvain
ABT    1096,25 OCT 1154,0,Stephen
ABT    1103/1105,3 MAY 1152,0,Matilda of_Boulogne
ABT    1126,BEF  2 DEC 1135,0,Baldwin
1130/1131,10 AUG 1153,0,Eustace of_Boulongne
ABT    1133,ABT    1135,0,Matilda
ABT    1134,11 OCT 1159,0,William of_Boulogne
ABT    1136,1182,0,Mary of_Boulogne
1086,23 MAY 1125,0,Henry_V
,7 SEP 1151,0,Geoffrey_V
1904,,0,Audrey
,,0,Paul
1884,1965,0,William
29 SEP 1328,8 AUG 1385,0,Joan
11 MAY 1366,BEF  3 JUN 1394,0,Anne of_Bohemia
9 NOV 1387,13 SEP 1409,0,Isabella of_France
,1396,0,Enguerrand_VII de_Courcy
,24 MAR 1394,0,Constanza (Constance)
,1375,0,John 2d
,10 DEC 1363,0,Elizabeth de_Burgh
1700,1739,0,Charles Frederick of_Holstein-
20 SEP 1638,30 JUL 1683,0,Marie-Therese of_Spain
27 NOV 1635,15 APR 1719,0,Francoise d'Aubigne
15 FEB 1710,10 MAY 1774,0,Louis_XV
1703,1768,0,Maria of_Poland
23 AUG 1754,21 JAN 1793,0,Louis_XVI
2 NOV 1755,16 OCT 1793,0,Marie Antoinette of_Austria
1516,1534,0,Henry
1517,1559,0,Frances
,1547,0,Eleanor
,1537,0,Madeleine of_France
,1554,0,Henry
1515,1578,0,Margaret
1516,1571,0,Matthew
,1581,0,Elizabeth
,1615,0,Arabella
,1660,0,William
,,0,Thomas
18 AUG 1830,21 NOV 1916,0,Franz Josef of_Austria
1858,1889,0,Rudolf
,,0,Daughter_1
,,0,Daughter_2
,,0,
,1434,0,Joan
,,0,Maud
,,0,Anne
,,0,Catherine
1274,1329,0,Robert_I
,,0,Isobel of_Mar
,1316,0,Margery
,1327,0,Elizabeth de_Burgh
1329,1371,0,David_II
,,0,Thored
,1375,0,Margaret
1292,1326,0,Walter
1316,1390,0,Robert_II
,,0,Elizabeth of_Rowallan
,,0,Robert_III
,,0,Walter
,,0,Robert
,,0,Alexander
,1401,0,Annabella
,,0,David of_Rothesay
1394,1437,0,James_I
,,0,Euphemia of_Ross
1430,1460,0,James_II
,1463,0,Marie of_Gueldres
1455,1513,0,John
ABT    1457,1486,0,Margaret of_Denmark
ABT    1454,1485,0,Alexander
,,0,John
,,0,Mary
,,0,Thomas
1479,,0,James
,,0,Elizabeth
1477,1529,0,James
,,0,Matthew
,,0,John
,,0,Unknown
,,0,John
,,0,Unknown
,1583,0,Esme
,,0,Catherine
1484,1536,0,John
,,0,Unknown
,,0,Murdoch
,,0,James
,,0,John
,,0,James
,,0,Andrew
,ABT    1522,0,Janet
1515,1575,0,James
,,0,Margaret
,1609,0,James
,2 MAY 1302,0,Blanche of_Artois
,,0,Thomas
,,0,Henry
,,0,Maud
,1361,0,Henry
,,0,Isabel
1357,1433,0,John_I
,AFT  8 MAY 1326,0,Alice (Itayls)
,29 SEP 1349,0,Margaret of_Liddell
,1201,0,Constance of_Brittany
1187,1203,0,Arthur
1163,1230,0,Berengaria of_Navarre
,1195,0,Henry the_Lion
,1198,0,Margaret of_France
,1093,0,Malcolm_III Canmore
,1093,0,St_Margaret
ABT    1074,1107,0,Edgar
1078,1124,0,Alexander_I the_Fierce
ABT    1080,1153,0,David_I the_Saint
,,0,Mary of_Scotland
,1102,0,Stephen Henry
,1151,0,Theobald
,,0,Henry of_Winchester
1155,1214,0,Alfonso_VIII
,,0,Matthew of_Alsace
,,0,Eustace_III of_Boulogne
,,0,Isabel de_Warrenne
,,0,Constance of_Toulouse
,1035,0,Robert the_Devil
,,0,Herleva
,1026,0,Richard_II of_Normandy
,,0,Judith of_Brittany
,1028,0,Richard_III of_Normandy
,996,0,Richard_I the_Fearless of_Normandy
,,0,Gunnor of_Denmark
,1052,0,Emma of_Normandy
ABT     968,1016,0,Ethelred_II the_Unready
ABT    1002,5 JAN 1066,0,Edward the_Confessor
,18 DEC 1075,0,Edith (Eadgyth)
,,0,Godwin
,,0,Gytha
ABT    1022,14 OCT 1066,0,Harold_II
,,0,Edith Swan-neck (Ealdgyth)
,,0,Gytha
,1125,0,Vladimir of_Kiev
,,0,Elfreda (Elfgiva)
,1016,0,Edmund_II Ironside
,,0,Ealdgyth
ABT    1016,1057,0,Edward
,,0,Agatha
,,0,Edgar
ABT     995,12 NOV 1035,0,Canute_II the_Great
,,0,Elfgiva of_Northampton
ABT    1015,17 MAR 1040,0,Harold_I Harefoot
,1036,0,Sweyn
1018,8 JUN 1042,0,Hardicanute
,,0,Herluin of_Conteville
,1097,0,Odo of_Bayeux
,,0,Robert
,,0,Alan_IV of_Brittany
1166,18 NOV 1189,0,William_II the_Good
,,0,Raymond_VI of_Toulouse
1881,1958,0,Nicholas
1917,,0,Tikhon
1919,,0,Goury
1847,1922,0,Catherine
1872,1913,0,George
1874,1925,0,Olga
1878,1959,0,Catherine
1883,,0,Alexandra
1900,,0,Alexander Alexandrovich
1871,1948,0,
1897,,0,George
1898,,0,Olga
1870,1910,0,Alexander V.
1902,1931,0,Andrei
1905,,0,Alexander
1890,,0,Serge
ABT    1225,9 NOV 1261,0,Sanchia of_Provence
ABT    1253,17 OCT 1277,0,Beatrix of_Falkenburg
,,0,Frederick_II of_Germany
1241,1286,0,Alexander_III
,,0,John of_Dreux
,10 NOV 1274,0,Aveline de_Forz
,1295,0,Gilbert De_Clare
,1305,0,Ralph de_Monthermer
,,0,John_II
,,0,John_I
,,0,Humphrey De_Bohun
,,0,Mary de_Ros
,1 NOV 1399,0,John_V
,31 DEC 1439,0,Margaret
,14 NOV 1432,0,Anne of_Burgundy
,,0,Jacqueline of_Holland
,7 JUL 1452,0,Eleanor de_Cobham
,,0,Ludwig_III
,,0,Eric_X of_Pomerania
ABT    1370,9 JUL 1437,0,Joan of_Navarre
,1420,0,William
,,0,Anne of_Gloucester
1720,1785,0,Frederick_II of_Hesse-Cassel
1715,1797,0,Elizabeth Christine
1680,1735,0,Ferdinand Albert_II of_Brunswick
,,0,Margaret Alice
,12 OCT 1176,0,William
11 JUN 1934,,0,Henri
1968,,0,Frederick
1969,,0,Joachim
23 DEC 1943,,0,Silvia Renate
4 JUL 1799,8 MAR 1844,0,Oscar_I
14 MAR 1807,7 JUN 1876,0,Josephine
26 JAN 1763,8 MAR 1844,0,Charles_XIV John
9 NOV 1777,17 DEC 1860,0,Desiree
28 OCT 1767,21 MAR 1852,0,Marie
4 SEP 1729,10 OCT 1796,0,Juliana Maria
10 DEC 1699,6 AUG 1746,0,Christian_VI
28 NOV 1700,27 MAY 1770,0,Sophie Magdalene
21 OCT 1671,12 OCT 1730,0,Frederick_IV
28 AUG 1667,15 MAR 1721,0,Louise
16 APR 1693,7 JAN 1743,0,Anna Sophie
15 APR 1646,25 AUG 1699,0,Christian_V
27 APR 1650,27 MAR 1714,0,Charlotte Amelia
12 APR 1577,28 FEB 1648,0,Christian_IV
26 JUN 1575,29 MAR 1612,0,Anne Catherine
6 JUL 1598,19 APR 1658,0,Christine of_Schleswig- Holstein
18 MAR 1609,9 FEB 1670,0,Frederick_III
24 MAR 1628,20 FEB 1685,0,Sophia Amelia
12 AUG 1503,1 JAN 1559,0,Christian_III
9 JUL 1511,7 OCT 1571,0,Dorothea
7 OCT 1471,10 APR 1533,0,Frederick_I
27 AUG 1487,3 MAY 1547,0,Anna
1498,13 MAY 1568,0,Sophie
1744,1836,0,Charles of_Hesse-Cassel
1753,1805,0,Frederick
1758,1794,0,Sophia Frederica of_Mecklenburg-
18 SEP 1786,20 JAN 1848,0,Christian_VIII
1792,1863,0,Ferdinand
4 DEC 1784,13 JUL 1840,0,Charlotte
22 JUN 1796,9 MAR 1881,0,Caroline
6 OCT 1808,15 NOV 1863,0,Frederick_VII
10 JAN 1821,1 JUN 1876,0,Caroline
21 APR 1815,6 MAR 1874,0,Louise
1765,1814,0,Frederick Christian of_Schleswig-
1813,1878,0,Charles
1832,1867,0,Maximilian of_Austria
1893,,0,Jorgen
1888,1962,0,Helene of_Schleswig- Holstein
1912,,0,Caroline Mathilde
1900,1976,0,Knud
1934,,0,Richard of_Sayn- Wittgenstein-
1947,,0,Anne Dorothy Maltoft-Nielsen
1840,1879,0,William
1843,1850,0,Maurice
1851,1884,0,Alexander
1845,1907,0,William of_Wied
1930,,0,Carlos Hugo
1939,,0,Peter
1946,,0,Jorge
1818,1848,0,Alexander
1820,1879,0,Henry
1822,1822,0,Ernest
1824,1897,0,Sophie
1818,1901,0,Charles Alexander of_Saxe-Weimar
,,0,John Frederick of_Brandenburg-
21 DEC 1818,20 MAY 1875,0,Amalia
16 DEC 1790,10 DEC 1865,0,Leopold_I George of_Saxe-Coburg
1833,1834,0,Leopold
9 APR 1835,17 DEC 1909,0,Leopold_II
1840,1927,0,Marie Charlotte
1781,1789,0,Louis Joseph
27 MAR 1785,8 JUN 1795,0,Louis_XVII
1786,1787,0,Sophie Beatrix
1778,1851,0,Marie Therese of_Angouleme
,811,0,Pepin the_Hunchback
1782,24 MAR 1866,0,Marie Amelie of_Bourbon
1919,,0,Alexander of_Mar
1930,,0,Flora Fraser
1899,,0,Dorothy
1900,,0,
1879,1932,0,J. E.
1900,,0,Henry Abel
1960,1960,0,John
1905,,0,Kathleen
1764,1819,0,Charles Lennox of_Richmond
,1805,0,George Henry Lennox
,1830,0,Louisa
1701,1750,0,Charles Lennox of_Richmond
1672,1723,0,Charles Lennox of_Richmond
,1789,0,Anne of_Albemarle
1766,1839,0,John
,1768,0,Elizabeth of_Tavistock
,1778,0,Caroline of_Lothian
1688,1751,0,Frederica of_Holdernesse
,,0,of_Schomberg
1659,1696,0,Charlot
1764,1839,0,Richard
1735,1799,0,Charles
,1851,0,Elizabeth
1835,1910,0,
,1903,0,Charlotte
1889,1981,0,Delia Peel
1899,1955,0,Lavinia Annaly
1708,1746,0,John of_Althorp
,,0,William_IX of_Hesse-Cassel
1818,1893,0,Ernest_II of_Saxe-Coburg- Saalfeld
,,0,Marie
1 MAY 1245,5 OCT 1285,0,Philip_III the_Bold
25 APR 1214,25 AUG 1270,0,Louis_IX (St._Louis)
5 SEP 1187,8 NOV 1226,0,Louis_VIII the_Lion
1188,1252,0,Blanche of_Castile
ABT    1294,1 FEB 1328,0,Charles_IV the_Fair
,,0,Edward
,,0,Beatrice
1199,1252,0,Ferdinand_III
1171,1246,0,Berengaria
ABT    1134,ABT    1158,0,Sancho_III
ABT    1226,1284,0,Alfonso_X the_Wise
,,0,
1258,1296,0,Sancho_IV
,,0,Gunnor
,,0,Athelstan
,1005,0,Egbert
,,0,Edred
,1017,0,Edwy
,,0,Edward
,,0,Edgar
,,0,Edith
,,0,Elgiva
,,0,Wulfhilda
,,0,(Daughter)
ABT     975,1038,0,Stephen_I
,,0,Edmund
,,0,Hedwig
,,0,Christina
,1036,0,Alfred Athling
,1038,0,Gunhilda
,,0,Edric of_Mercia
,,0,Uchtred
,,0,Waltheof of Northumberland
,,0,Ulfcytel of_East_Anglia
,,0,Athelstan
,,0,Alfgar of_Mercia
,,0,Alfhelm of_Northhampton
,1014,0,Sweyn Forkbeard
,,0,Gunhilda
,,0,Mieczislaw_I of_Poland
944,975,0,Edgar the_Peaceful
,1000,0,Elfrida
,,0,Ethelfleda
,,0,Edward the_Martyr
,,0,Ordmaer
,970,0,Edmund
,,0,Ordgar of_Devon Ealdorman
939,946,0,Edmund_I the_Elder
,,0,St._Elgiva
,,0,Edwy
,,0,Elgiva
,,0,Ethelfleda of_Domerham
,,0,Alfgar of_Wiltshire
,924,0,Edward the_Elder
,,0,Edgiva
,,0,Edred
,,0,Edburh
,,0,Edgiva
,,0,Louis
,,0,Ecgwyn
895,940,0,Athelstan
,,0,Daughter
,,0,Sihtric of Northumberland
,,0,Elfleda
,924,0,Ethelwerd
,,0,Edwin
,,0,Elfleda
,,0,Edgiva
,,0,Ethelhilda
,,0,Edhilda
,,0,Eadgyth (Edith)
,,0,Elgiva
,,0,Charles the_Simple
,,0,Hugh the_Great
,,0,Otho_I the_Great
,,0,Boleslaw_II
,,0,Claude
12 SEP 1494,31 MAR 1547,0,Francis_I
1476,1531,0,Louise of_Savoy
,,0,Donald
,,0,Adam of_Rowallan
,,0,Hugh
,,0,Jean
,,0,John
,,0,John of_Glamis
,,0,James
,,0,John
,,0,Arnold
1426,1481,0,Christian_I
1430,1495,0,Dorothea
,,0,
,1304,0,Robert
,,0,Margaret of_Carrick
,1295,0,Robert
,1254,0,Isobel
,,0,Gilbert De_Clare of_Gloucester
,,0,Robert of_Annandale
,1251,0,Isobel
,1219,0,David of_Huntingdon
,1233,0,Matilda
,,0,Hugh
,,0,John
,,0,Malcolm
,1228,0,Margaret
,,0,Alan
,1290,0,Devorguilla
,,0,John
,1313,0,John
,,0,Isobel
,,0,John de_Warenne
,1363,0,Edward
,,0,Baldwin_V of_Flanders
,,0,Sybilla
,,0,Geoffrey of_Conversano
,1128,0,William Clito of_Flanders
,,0,Sybil
,,0,Fulke
,,0,Adelicia
,,0,Reiner of_Montferrat
,,0,Isabella
,,0,Geoffrey Lower_Lorraine
,1120,0,Matilda
,,0,William
,,0,Agnes
,,0,Giles de_Sulli
,,0,Maud
,,0,Ingelbert of_Carinthia
1134,1158,0,Geoffrey_VI of_Anjou
1136,1164,0,William
1099,1137,0,William_X of_Aquitaine
ABT    1121,18 SEP 1180,0,Louis_VII the_Younger
,,0,William de_Warenne
,,0,Theodore of_Flanders
,,0,Sancho_VI
,1241,0,Eleanor
,,0,Conan of_Brittany
,,0,Ranulph
,,0,Guy of_Thouars
,,0,William of_Gloucester
,,0,Geoffrey de_Mandeville
,,0,Hubert de_Burgh
,,0,Hugh de_la_Marche
,,0,Raymond of_Provence
,1271,0,Henry
,,0,William of_Pembroke
,,0,Raymond of_Provence
,,0,William de_Fauquemont of_Montjoye
1198,1249,0,Alexander_II
,1300,0,Edmund
,1296,0,Richard
,,0,Margaret
,,0,Richard De_Clare of_Gloucester
,1230,0,Alfonso_IX
,,0,Lucienne of_Rochefort
,,0,William of_Albemarle
,,0,Robert
,,0,
,,0,Yolande
,,0,Robert_IV
,,0,Roger of_Harwich
,,0,Piers De_Braose
,,0,Ralph
,,0,John
,,0,John
1268,29 NOV 1314,0,Philip_IV the_Fair
,1360,0,Roger
,,0,Edmund
,1330,0,Roger
,,0,Edmund
,,0,Roger
,,0,Maud
,,0,Ralph
,,0,Gwladus DDU
,,0,Reginald De_Braose
,,0,Llywelyn Fawr the_Great
,1842,0,Richard
,,0,Garret of_Mornington
,1831,0,Anne
,,0,Arthur of_Wellington
,,0,Arthur Dungannon
,,0,William
,,0,William
,,0,Bertha
,,0,Miles of_Gloucester
,,0,Sybil
,,0,Bernard of_Neufmarche
,,0,Nest
,,0,Osbern Fitz Richard
,,0,Nest
,,0,Gruffydd Ap_Llywelyn
1017,1056,0,Henry_III
,,0,Llywelyn Ap_Seisyll
,,0,Angharad
,,0,Cynfyn of_Powys
,,0,Bleddyn
,,0,Maredudd
,968,0,Owain
,,0,Hywel Dda (the_Good)
,909,0,Cadell
,,0,Rhodri Mawr (the_Great)
,,0,Anarawd
,942,0,Idwal Foel (the_Bald)
,,0,
,,0,Iago
,,0,Ieuaf (Levan)
,986,0,Meurig
,,0,Hywel (the_Bad)
,,0,Cadwallon
,,0,Cynan
,996,0,Idwal
,,0,Iago
,,0,Cynan
,,0,Gruffydd Ap_Cynan
,,0,Owain Gwynedd
,,0,Iorwerth Drwyndwn
,,0,
,,0,Dafydd
,,0,
,,0,Gruffydd
,,0,Dafydd
,,0,Angharad
,,0,Gwenllian
,,0,Llywelyn Ap_Gruffydd
,,0,Kathryn
,,0,Norissa
849,899,0,Alfred the_Great
,905,0,Ealhswith
,858,0,Ethelwulf
,846,0,Osburh
,,0,Athelstan
,860,0,Ethelbald
,,0,Judith
,866,0,Ethelbert
,871,0,Ethelred_I
,839,0,Egbert
,,0,Redburh
,,0,Athelstan
,,0,Oslac
,888,0,Ethelswith
,,0,Ethelhelm
,,0,Ethelwald
,,0,Burghred
,,0,Ethelred
,922,0,Ethelwerd
,937,0,Elfwine
,937,0,Ethelwine
,918,0,Ethelfleda
,,0,Ethelgiva of_Shaftesbury
,,0,Elfrida
,,0,Baldwin_II of_Flanders
,910,0,Ethelred of_Mercia
11 NOV 1050,7 AUG 1106,0,Henry_IV
,534,0,Cerdic
,560,0,Cynric
,593,0,Ceawlin
,584,0,Cutha
,,0,Elesa
,,0,Elsa
,,0,Gewis
,,0,Wig
,,0,Freawine
,,0,Frithogar
,,0,Brond
,,0,Baeldaeg
,,0,Woden
,,0,Frithuwald
,,0,Frealaf
,,0,Frithuwulf
,,0,Finn
,,0,Godwulf
,,0,Geata
,,0,Taetwa
,,0,Beaw
,,0,Sceldwa
,,0,Heremod
,,0,Itermon
,,0,Hathra
,,0,Hwala
,,0,Bedwig
,,0,Sceaf
,,0,Unknown
,,0,Stuf
,544,0,Wihtgar Isle_of_Wight
,597,0,Ceolric
,,0,Ceolwulf
,,0,Cynegils
,,0,Aescwine
,,0,Cenfus
,,0,Cenferth
,,0,Cuthgils
,636,0,Cwichelm
,,0,Cenwealh
,,0,Centwine
,,0,Cyneburh
,,0,Cuthred
,,0,Unknown
,,0,Sexburh
,,0,Oswald of_Northumbria
,,0,Cuthwine
,,0,Chad
,,0,Cynebald
,,0,Cuthwulf (Cutha)
,661,0,Cenbert
,689,0,Cedwalla
,687,0,Mul
,729,0,Oswald
,,0,Ethelbald
,728,0,Ine
,,0,Cenred
,,0,Ceolwald
24 MAY 1819,22 JAN 1901,0,Victoria
26 AUG 1819,14 DEC 1861,0,Albert Augustus Charles
1831,1889,0,George Victor of_Waldeck
18 OCT 1831,15 JUN 1888,0,Frederick_III
1837,1892,0,Louis_IV of_Hesse
17 FEB 1861,1 SEP 1922,0,Helena Frederica of_Waldeck
1883,1981-01-01,0,Alice of_Athlone
1858,1896,0,Henry Maurice of_Battenberg
1886,23 FEB 1960,0,Alexander of_Carisbrooke
1887,1969,0,Victoria Eugenie 'Ena'
1889,1922,0,Leopold
1891,1914,0,Maurice
1863,1950,0,Victoria Alberta of_Hesse
6 JUN 1872,16 JUL 1918,0,Alexandra Fedorovna 'Alix'
1845,1 NOV 1894,0,Alexander_III Alexandrovich
1796,1855,0,Nicholas_I
1798,1860,0,Charlotte of_Prussia
1818,13 MAR 1881,0,Alexander_II Nicholoevich
1824,1880,0,Marie of_Hesse- Darmstadt
4 AUG 1900,,0,Elizabeth Angela Marguerite
21 APR 1926,,0,Elizabeth_II Alexandra Mary
21 AUG 1930,,0,Margaret Rose
7 MAR 1930,,0,Anthony Charles Robert
3 NOV 1961,,0,David Albert Charles
1 MAY 1964,,0,Sarah Frances Elizabeth
22 SEP 1948,,0,Mark Anthony Peter
15 NOV 1977,,0,Peter Mark Andrew
15 MAY 1981,,0,Zara Anne Elizabeth
1 JUL 1961,,0,Diana Frances
1882,1947,0,Henry George Charles
25 DEC 1901,,0,Alice Christabel
1896,24 APR 1986,0,Bessiewallis
1866,1953,0,Irene of_Hesse
1868,1937,0,Ernest Louis of_Hesse
1864,17 JUL 1918,0,Elizabeth 'Ella'
1874,1878,0,Mary 'May'
1870,1873,0,Frederick
18 DEC 1941,28 AUG 1972,0,William Henry Andrew
26 AUG 1944,,0,Richard Alexander Walter
1947,,0,Birgitte of_Denmark
24 OCT 1974,,0,Alexander Patrick Gregers
,,0,Earl Winfield
,,0,Ernest
1936,,0,Frances
17 OCT 1853,25 OCT 1920,0,Marie Alexandrovna
1854,1921,0,Louis of_Battenberg
1849,1912,0,Alexander
1928,,0,Angus
29 FEB 1964,,0,James Robert Bruce
31 JUL 1966,,0,Marina Victoria Alexandra
1933,,0,Katharine
26 JUN 1962,,0,George Philip of_St._Andrews
28 APR 1964,,0,Helen Marina Lucy
25 JUL 1970,,0,Nicholas Charles Edward
21 JUN 1982,,0,William Arthur Philip
15 SEP 1984,,0,Henry Charles Albert
1831,1917,0,(Frederick) Christian Charles
1872,1956,0,Marie Louise
1864,1933,0,Aribert of_Anhalt
25 JUN 1860,14 MAR 1917,0,Louise Margaret of_Prussia
15 JAN 1882,1 MAY 1920,0,Margaret of_Sweden
1883,1938,0,Arthur of_Connaught
1886,1974,0,Patricia
11 NOV 1882,15 SEP 1973,0,Gustav_VI Adolf
1891,26 FEB 1959,0,Alexandra
1881,1972,0,Alexander
1292,22 AUG 1358,0,Isabella of_France
,,0,Issue_Unknown
1884,1954,0,Charles Edward
4 JUN 1738,29 JAN 1820,0,George_III
19 MAY 1744,17 NOV 1818,0,(Sophia) Charlotte
1774,1850,0,Adolphus of_Cambridge
2 NOV 1767,23 JAN 1820,0,Edward Augustus
1797,1889,0,Augusta of_Hesse-Cassel
1837,1900,0,Francis
17 AUG 1786,16 MAR 1861,0,Victoria Mary Louisa
1784,29 JAN 1844,0,Ernest_I of_Saxe-Coburg- Saalfeld
1800,1831,0,Louise of_Saxe-Coburg- Altenburg
12 AUG 1762,26 JUN 1830,0,George_IV
1756,1837,0,Maria Anne
1768,1821,0,Caroline Amelia of_Brunswick
1855,1944,0,Claude George
1862,1938,0,Cecilia Nina
1847,1909,0,Vladimir
1850,1908,0,Alexis
1857,1905-02-01,0,Serge Alexandrovich
1860,1919-01-01,0,Paul Alexandrovich
1854,1920,0,Marie
1876,1938,0,Cyril Vladimirovitch
1877,1943,0,Boris
1879,1956,0,Andrei (Andrew) Vladimirovich
1872,1971,0,Mathilde (Maria)
1770,1840,0,Frederick William_III
1887,,0,Felix
1931,,0,Ronald Ivor
1937,,0,Susan Mary
,,0,Teackle Wallis
,,0,Alice
1882,1893,0,Violet Hyacinth
1883,1961,0,Mary Frances
1884,1949,0,Patrick
1886,1930,0,John Herbert
1887,1911,0,Alexander Francis
1889,1915,0,Fergus
1890,1967,0,Rose
1893,1953,0,Michael Claude
2 MAY 1902,1961,0,David
1824,1904-02-01,0,Claude
1833,1922,0,Frances Dora
1773,1846,0,Thomas
,,0,Mary
1822,1865,0,Thomas George
1737,1776,0,John
1749,1800,0,Mary Eleanor
1769,1820,0,John Lyon
,,0,Andrew Robinson
1869,1955,0,
1888,1946,0,Dorothy Beatrix
1889,1966,0,Fenella Stuart-Forbes Trefusis
1890,1959,0,Christian Norah
1880,1953,0,
1899,1959,0,Elizabeth
1907,,0,Rachel
,,0,Jeanne d'Albret of_France
,,0,Frederick Charles of_Prussia
,,0,Maria Anna of_Anhalt
1845,1914,0,John
16 AUG 1763,5 JAN 1827,0,Frederick
21 AUG 1765,20 JUN 1837,0,William_IV Henry
29 SEP 1766,6 OCT 1828,0,Charlotte Augusta Matilda
1785,1851,0,Ferdinand
1799,1860,0,Mary
1817,1865,0,Charles
1832,1918,0,Caroline Louisa
8 NOV 1768,22 SEP 1840,0,Augusta Sophia
22 MAY 1770,10 JAN 1840,0,Elizabeth
1769,1829,0,Frederick_VI of_Hesse-Homburg
5 JUN 1771,18 NOV 1851,0,Ernest Augustus_I
27 JAN 1773,21 APR 1843,0,Augustus Frederick
25 APR 1776,30 APR 1857,0,Mary
2 NOV 1777,27 MAY 1848,0,Sophia
23 FEB 1779,3 MAY 1783,0,Octavius
22 SEP 1780,20 AUG 1783,0,Alfred
7 AUG 1783,2 NOV 1810,0,Amelia
13 AUG 1792,2 DEC 1849,0,Adelaide Louisa Theresa
1819,27 MAR 1819,0,Charlotte Augusta Louisa
10 DEC 1820,4 MAR 1821,0,Elizabeth Georgiana Adelaide
23 APR 1822,23 APR 1822,0,Twin-Boy_1
23 APR 1822,23 APR 1822,0,Twin-Boy_2
1852,1923,0,Marie
8 APR 1818,29 JAN 1906,0,Christian_IX
7 SEP 1817,29 SEP 1898,0,Louise of_Hesse-Cassel
,1945,0,Sumner M.
1955,,0,Sarah
1957,,0,Jane
1964,,0,Charles
1929-09-01,,0,Raine of_Dartmouth
1923,,0,George Earl_of_Harewood
3 APR 1812,11 OCT 1850,0,Louise Marie d'Orleans
,,0,Ludwig_IX of_Hesse- Darmstadt
1754,1816,0,Frederick_I of_Wurttemberg
2 MAR 1778,29 JUN 1841,0,Frederica of_Mecklenburg- Strelitz
27 MAY 1819,12 JUN 1878,0,George_V
14 APR 1818,9 JAN 1907,0,Mary of_Saxe- Altenburg
1845,1923,0,Ernest Augustus of_Cumberland
1848,1926,0,Frederica
1849,1904,0,Mary
,,0,Rene of_Bourbon-Parma
1843,1932,0,Alfons
1815/1816,1890,0,Sarah (Louisa)
1843,1907,0,George
1846,1922,0,Adolphus
1847,1933,0,Agustus
,,0,Rosa
,,0,Son_1
,,0,Dau._1
,,0,Dau._2
1819,1904,0,Frederick William
1848,1914,0,Adolphus Frederick_V
1857,1933,0,Elisabeth of_Anhalt
,,0,Son_1
,,0,Son_2
,,0,Dau._1
,,0,Dau._2
1873,1929,0,Margaret
1895,,0,George of_Cambridge
,,0,Son_2
1897,,0,Mary
1899,1969,0,Helena
1776,1834,0,William Frederick of_Gloucester
1924,,0,Gerald
1926,,0,Marion (Maria) Donata
1950,,0,David
1953,,0,James
1955,,0,Jeremy
1919,,0,Angela
1953,,0,Henry
1787,1867,0,William of_Hesse-Cassel
1789,1864,0,Louise Charlotte of_Denmark
,,0,Other_issue
1747,1837,0,Frederick of_Hesse-Cassel
1762,1823,0,Caroline of_Nassau- Usingen
1804,1885,0,Alexander of_Wurttemberg
1814,1841,0,Claudine
1836,1894,0,Claudine
1838,1893,0,Amelie
1835,1897,0,Paul
1872,1912,0,Paul
24 AUG 1865,20 JUL 1927,0,Ferdinand_I of_Hohenzollern- Sigmaringen
1867,1900,0,Christian Victor
1869,1931,0,Albert of_Schleswig- Holstein
1870,1948,0,Helena Victoria
12 MAY 1876,20 MAY 1876,0,Frederick Harold
1923,,0,Patricia
1964,,0,Mark
1924,,0,Elizabeth Collingwood
19 NOV 1977,,0,Davina Elizabeth Alice
1 MAR 1980,,0,Rose Victoria Birgitte
15 JAN 1945,,0,Marie-Christine
6 APR 1979,,0,Frederick
30 OCT 1683,25 OCT 1760,0,George_II
1683,1737,0,Caroline of_Ansbach
31 JAN 1701,31 MAR 1751,0,Frederick Louis
2 NOV 1709,12 JAN 1759,0,Anne
10 JUL 1711,31 OCT 1786,0,Amelia Sophia Eleanor
21 JUN 1713,28 DEC 1757,0,Caroline Elizabeth
20 NOV 1716,20 NOV 1716,0,Son
13 NOV 1717,17 FEB 1718,0,George William
26 APR 1721,31 OCT 1765,0,William Augustus of_Cumberland
5 MAR 1723,14 JAN 1772,0,Mary
18 DEC 1724,19 DEC 1751,0,Louisa
30 NOV 1719,8 FEB 1772,0,Augusta of_Saxe-Gotha
12 AUG 1737,23 MAR 1813,0,Augusta
25 MAR 1739,17 SEP 1767,0,Edward Augustus
10 JAN 1741,4 SEP 1759,0,Elizabeth Caroline
25 NOV 1743,25 AUG 1805,0,Edward Henry of_Gloucester
7 NOV 1745,18 SEP 1790,0,Henry Frederick of_Cumberland
19 MAR 1749,13 MAY 1768,0,Louisa Anne
24 MAY 1750,29 DEC 1765,0,Frederick William
22 JUL 1751,10 MAY 1775,0,Caroline Matilda
28 MAY 1660,11 JUN 1727,0,George_I
10 SEP 1666,13 NOV 1726,0,Sophia Dorothea of_Celle
26 MAR 1687,28 JUN 1757,0,Sophia Dorothea
31 MAR 1723,14 JAN 1766,0,Frederick_V
1785,1831,0,Frederick William of_Schleswig-
1789,1867,0,Louise Caroline of_Hesse-Cassel
1823,1888,0,Alexander of_Hesse and_the_Rhine
1825,1895,0,Julia of_Battenberg
1777,1848,0,Louis_II of_Hesse and_the_Rhine
1788,1836,0,Wilhelmina of_Baden
,1830,0,John Maurice
,1831,0,Sophie
1827,1892,0,Constantine Nikolaievitch of_Russia
1830,1911,0,Elizabeth Alexandra of_Saxe-
,1868,0,Joseph of_Saxe- Altenburg
,1848,0,Amalie of_Wurttemberg
1809,1877,0,Charles of_Hesse
1815,1885,0,Elizabeth of_Prussia
,1865,0,Charles William Frederick
,1826,0,William Charles Augustus
,1875,0,Anne
,1867,0,Edwyn
,1881,0,Anne Caroline
,1863,0,Oswald
,,0,Henrietta Mildred
1892,1975,0,Albert Edward John
1885,1955,0,Edmund Maurice
1908,,0,Ruth Sylvia
1851,1920,0,James Boothby
1857,1947,0,Frances Ellen
1819,1911,0,Frank
1831,1877,0,Ellen
,1847,0,John
,1863,0,Ellen
,,0,John
,,0,Sarah
1815,1874,0,Edmund
1821,1897,0,Elizabeth Caroline
,1850,0,James Brownell
,1893,0,Charlotte
,1855,0,Edward
,1862,0,Margaret Honoria
1869,1953,0,James Albert Edward
1869,1958,0,Rosalind Cecilia Caroline
1838,1913,0,James
1848,1929,0,Mary Anna
1830,1914,0,George
1838,1910,0,Cecilia Catherine
1865,1957,0,William Smith
1879,1964,0,Ruth
1833,1908,0,Alexander Ogston
1843,,0,Barbara Smith
1841,1924,0,David
1843,1917,0,Jane
1857,1922,0,Charles Robert
1868,1906,0,Margaret
1798,1857,0,Frederick
1825,1877,0,Adelaide Horatia Elizabeth
1828,1897,0,Edward Charles
1839,1892,0,Louisa Emily Charlotte
22 OCT 1858,11 APR 1921,0,Augusta of_Schleswig- Holstein-
1851,1928,0,Bernard of_Saxe- Meiningen
1859,1916,0,Adolphus of_Schaumburg- Lippe
1868,1940,0,Frederick Charles of_Hesse
,,0,Victoria of_Schleswig- Holstein
1890,16 JUL 1956,0,Irene
1886,1941,0,Alfonso_XIII
1776,1810,0,Louise of_Mecklenburg- Strelitz
15 OCT 1795,2 JAN 1861,0,Frederick William_IV
22 MAR 1797,9 MAR 1888,0,William_I of_Germany
1799,1800,0,Frederica
1801,1883,0,Charles
1766,1806,0,Charles
1804,1806,0,Ferdinand
2 APR  742,814,0,Charlemagne
1809,1872,0,Albert of_Prussia
17 DEC 1887,7 AUG 1947,0,Hermine of_Reuss
1882,1951/1952,0,William
1883,1942/1943,0,Eitel Frederick
1884,1948,0,Adalbert
1887,1949,0,Augustus William
1888,1958,0,Oscar
1890,1920,0,Joachim
1892,1980,0,Victoria Louise of_Prussia
1811,1890,0,Augusta of_Saxe-Weimar
1828,1923,0,Louise
1826,1907,0,Frederick of_Baden
1907,1938,0,Alphonso of_Cavadonga
,,0,Don Jamie
1913-06-01,,0,Don Juan of_Spain
1909,,0,Beatrice
1910,,0,Maria de_las_Mercedes of_Bourbon
1938,,0,Juan Carlos
1900,1961,0,Marie (Mignon)
12 OCT 1894,14 NOV 1956,0,Elizabeth of_Romania
15 OCT 1893,4 APR 1953,0,Carol_II
1888,1934,0,Alexander_I of_Yugoslavia
1889,1918,0,Erik of_Vastmanland
1937,,0,Sonja
1971,,0,Martha Louise
1973,,0,Haakon of_Norway
16 JUN 1858,29 OCT 1950,0,Gustav_V
7 AUG 1862,4 APR 1930,0,Victoria of_Baden
21 JAN 1829,8 DEC 1907,0,Oscar_II
9 JUL 1836,30 DEC 1913,0,Sophia
1871,1937,0,Eleonore of_Solms- Hohensolms-Lich
1906,1937,0,George Donatus of_Hesse
1908,1968,0,Louis
1913,,0,Margaret
18 SEP 1923,,0,Anne of_Bourbon-Parma
4 SEP 1896,7 AUG 1972,0,Aspasia
1921,,0,Alexandra of_Greece
6 SEP 1923,1970,0,Peter_II of_Yugoslavia
1897,1960,0,Gottfried of_Hohenlohe- Lagenburg
,,0,Five_children
1906,1963,0,Berthold of_Baden
,,0,Four_Children
1901,1944,0,Christopher of_Hesse
1915,,0,George William of_Hanover
,,0,Eight_children
,,0,Ludwig of_Wurttemberg
,,0,Henriette
1857,1893,0,Alexander of_Bulgaria
1861,1924,0,Francis Joseph
1840,1908,0,Gustav Ernst of_Erbach-Schonb
1865,1951,0,Johanna
,,0,Anna of_Montenegro Princess
1842,1849,0,Alexandra Alexandrovna
1843,1865,0,Nicholas Alexandrovich
1806,1877,0,Louis_III of_Hesse
1901,1960,0,Edwina
1813,1862,0,Mathilde
,,0,Frederica of_Hesse- Darmstadt
1838,1900,0,Henry
ABT    1845,1900,0,William
1843,1865,0,Anna
1924,,0,Patricia
1929,,0,Pamela
1896,1963,0,Nadejda
1918,,0,John Knatchbull
,,0,Five_children
1928,,0,David
,,0,Two_Children
1920,,0,Iris
1800,1873,0,Auguste
,,0,Daughter Stillborn
1820,1879,0,Rosalie of_Hohenau
,,0,Himiltude
1800,1842,0,Paul Frederick
1808,1877,0,Marie of_Saxe-Weimar- Eisenach
,,0,Caroline of_Zweibrucken
1886,1954,0,Cecilie of_Mecklenburg- Schwerin
1906,1940,0,William
1907,,0,Louis Ferdinand of_Prussia
1909,1950,0,Hubertus
1911,1966,0,Frederick
1915,1980,0,Alexandrine
1917,1975,0,Cecilie
1907,1972,0,Dorothea
,,0,Dau._1
,,0,Dau._2
27 SEP 1601,14 MAY 1643,0,Louis_XIII
,,0,Joanna of_Austria
,,0,Francesco_I of_Tuscany Italy
,,0,Alice de_Courtenay
,,0,Aymer of_Angouleme
1916,,0,Maria-Anna
1920,,0,Magdalene
,,0,Dau._1
,,0,Dau._2
1920,,0,Brigid
,,0,Son_1
,,0,Son_2
,,0,Son_3
,,0,Dau._1
,,0,Dau._2
,,0,Clyde
1879,1964,0,Sophie Charlotte
1891,1971,0,Adelheid of_Saxe- Meiningen
1887,1957,0,Alexandra of_Schleswig-
1888,1973,0,Ina Maria
1898,1983,0,Marie Auguste of_Anhalt
25 SEP 1744,16 DEC 1797,0,Frederick William_II
8 NOV 1746,18 FEB 1840,0,Elizabeth Christine of_Brunswick
7 MAY 1767,6 AUG 1820,0,Frederica Charlotte of_Prussia
16 OCT 1751,25 FEB 1805,0,Frederica of_Hesse- Darmstadt
1772,1773,0,Christine
1773,1796,0,Louis
18 NOV 1774,12 OCT 1837,0,Wilhelmina
,,0,Son Stillborn
1780,1841,0,Augusta
1781,1846,0,Charles
1783,1851,0,William
,,0,Charles of_Mecklenburg- Strelitz
24 AUG 1772,12 DEC 1843,0,William_I of_Netherlands
,,0,William_II of_Hesse
1785,1846,0,Maria Anna of_Hesse
1722,1780,0,Louise of_Brunswick
1747,1767,0,Frederick Henry Charles
1751,1820,0,Wilhelmine
1758,1759,0,George Charles Emil
,,0,William_V of_Orange
1735,1788,0,Charles Christian of_Nassau-Weilb
1743,1787,0,Caroline
,,0,Friedrich Wilhelm of_Nassau-Weilb
,,0,Unknown
,,0,Wilhelm of_Nassau
,,0,Unknown
,,0,Adolphe of_Luxembourg
,,0,Unknown
,,0,Guillaume_IV of_Luxembourg
,,0,Unknown
,,0,Charlotte of_Luxembourg
,,0,Unknown
,,0,Jean of_Luxembourg
,,0,Marie-Josephe de_Saxe
1914,,0,Leonide Bagration- Moukhransky
1608,1660,0,Gaston
1908,1975,0,James
1937,,0,Dona_Maria of_Bourbon
1939,,0,Margarite
1941,1956,0,Alphonso
,,0,Maria
9 OCT 1200,15 JAN 1240,0,Isabella
1861,1951,0,Charles of_Sweden
3 NOV 1901,25 SEP 1983,0,Leopold_III
7 SEP 1930,,0,Baudouin_I of_the_Belgians
1908,1971,0,Sibylla of_Saxe-Coburg
30 APR 1946,,0,Carl_XVI Gustav
31 OCT 1851,20 MAR 1926,0,Louise of_Sweden
24 DEC 1879,28 DEC 1952,0,Alexandrine of_Mecklenburg- Schwerin
11 MAR 1899,14 JAN 1972,0,Frederick_IX
,1693,0,Johann Georg_II of_Anhalt-Dessau
,,0,Unknown
,,0,Leopold_I of_Anhalt-Dessau
,,0,Henriette Amalie
,,0,Heinrich Kasimir of_Nassau-Dietz
1686,1711,0,John William of_Orange
1688,1765,0,Mary Louise
1711,1751,0,William_IV of_Orange
1710,1777,0,Charlotte Amalia
1703,1732,0,Friedrich of_Baden-Durlach
,,0,Karl Friedrich of_Baden
,,0,Unknown
,,0,Karl Ludwig of_Baden
,,0,Unknown
,,0,Karl of_Baden
13 JUL 1776,13 NOV 1841,0,Caroline of_Baden
,,0,Unknown
,,0,Marie
,,0,William Alexander of_Hamilton
,,0,Mary
,,0,Albert_I of_Monaco
,,0,Louis_II of_Monaco
,,0,Unknown
,,0,Charlotte
,,0,Pierre
,,0,Rainier_III of_Monaco
27 MAY 1756,13 OCT 1825,0,Maximilian_I Joseph
1805,1872,0,Sophie (twin)
,,0,Franz Karl of_Austria
,,0,Otto
,,0,Elisabeth Amalia
,,0,Unknown
,,0,Karl_I of_Austria
,,0,Unknown
,,0,Otto of_Austria
,,0,Karl Ludwig
,,0,Unknown
,,0,Aloys of_Liechtenstein
,,0,Franz_Joseph_II of_Liechtenstein
1748,1806,0,William_V of_Orange
1751,1820,0,Wilhelmina
18 JAN 1795,1 MAR 1865,0,Anna Pavlovna
19 FEB 1817,23 NOV 1890,0,William_III of_Netherlands
2 AUG 1858,20 MAR 1934,0,Emma of_Netherlands
31 AUG 1880,28 NOV 1962,0,Wilhelmina of_Netherlands
19 APR 1876,3 JUL 1934,0,Henry of_Mecklenburg
29 JUN 1911,,0,Bernhard of_Lippe- Biesterfeld
31 JAN 1938,,0,Beatrix of_Netherlands
,,0,Unknown
,,0,Leopold_II of_Anhalt-Dessau
,,0,Unknown
,,0,Agnes
,,0,Johann
,,0,Agnes
,,0,Ernst von_Seherr-Thoss
,,0,Hermann von_Seherr-Thoss
,,0,Unknown
,,0,Marguerite
,,0,Lajos Apponyi_de Nagy-Appony
,,0,Cyula Apponyi_de Nagy-Appony
,,0,Unknown
,,0,Geraldine
,,0,Zog_I of_Albania
,,0,Leka_I of_Albania
,,0,Karl of_Austria
,,0,Henriette
,,0,Karl Ferdinand
,,0,Unknown
1858,1929,0,Maria Cristina of_Austria
1857,1885,0,Alfonso_XII
,,0,Joseph of_Austria
,,0,Elisabeth of_Austria
,,0,Ferdinand of_Austria-Este
2 JUL 1849,3 FEB 1919,0,Maria Theresa
7 JAN 1845,18 OCT 1921,0,Ludwig_III
1869,1955,0,Rupprecht of_Bavaria
1878,1912,0,Maria Gabriele of_Bavaria
2 APR 1653,28 OCT 1708,0,George of_Denmark
6 FEB 1665,1 AUG 1714,0,Anne
14 OCT 1633,6 SEP 1701,0,James_II
12 MAR 1637/1638,31 MAR 1671,0,Anne
22 OCT 1660,5 MAY 1661,0,Charles of_Cambridge
30 APR 1662,28 DEC 1694,0,Mary_II
12 JUL 1663,22 MAY 1667,0,James of_Cambridge
4 JUL 1666,20 JUN 1667,0,Charles
14 SEP 1667,15 NOV 1669,0,Edgar of_Cambridge
13 JAN 1669,15 NOV 1669,0,Henrietta
9 FEB 1671,5 DEC 1671,0,Catherine
25 SEP 1658,7 MAY 1718,0,Mary Beatrice of_Modena
2010-01-01,3 OCT 1675,0,Catherine Laura
7 NOV 1677,12 DEC 1677,0,Charles of_Cambridge
16 AUG 1682,6 OCT 1682,0,Charlotte Maria
10 JUN 1688,1 JAN 1766,0,James Francis Edward
28 JUN 1692,8 APR 1712,0,Louisa Maria Theresa
18 JUL 1702,18 JAN 1735,0,Maria Casimire Clementina
31 DEC 1720,31 JAN 1788,0,Charles Edward Louis
6 MAR 1725,13 JUL 1807,0,Henry Benedict Thomas
10 SEP 1752,29 JAN 1824,0,Louise Maximilienne Caroline
14 OCT 1574,4 MAR 1619,0,Anne of_Denmark
1596,1632,0,Frederick_V of_Palatinate
1630,1714,0,Sophia
1 JUL 1534,4 APR 1588,0,Frederick_II of_Denmark and_Norway
4 SEP 1557,4 OCT 1631,0,Sophia of_Mecklenburg- Gustrow
26 NOV 1609,31 AUG 1669,0,Henrietta Maria of_France
13 DEC 1553,14 MAY 1610,0,Henry_IV the_Great
1573,1642,0,Marie
13 MAY 1629,13 MAY 1629,0,Charles James
29 MAY 1630,6 FEB 1685,0,Charles_II
4 NOV 1631,24 DEC 1660,0,Mary
29 DEC 1635,8 SEP 1650,0,Elizabeth
17 MAR 1637,5 NOV 1640,0,Anne
29 JUN 1639,29 JUN 1639,0,Catherine
8 JUL 1640,13 SEP 1660,0,Henry of_Gloucester
16 JUN 1644,30 JUN 1670,0,Henrietta Anne
1626,1650,0,William_II of_Orange
1641,1701,0,Philippe of_Orleans
25 NOV 1638,31 DEC 1705,0,Catherine of_Braganza
1605,1656,0,John_IV the_Fortunate
,,0,Luiza Maria
,,0,Alfonso_IV
,,0,Laura
14 NOV 1650,19 MAR 1702,0,William_III of_Orange
1629,1698,0,Ernest Augustus of_Brunswick
,,0,George_I of_Saxe- Meiningen
,,0,Louisa Eleonora of_Hohenlohe-
14 AUG 1688,31 MAY 1740,0,Frederick William_I
,1790,0,Maria of_Waldegrave
,1808,0,Anne
,1680,0,Charles Louis
1619,1682,0,Rupert of_Cumberland
,1654,0,Maurice
,,0,Edward
,,0,Charlotte
,,0,Ernest Augustus
20 OCT 1668,1 FEB 1705,0,Sophia Charlotte
11 JUL 1657,25 FEB 1713,0,Frederick_I
28 JAN 1457,21 APR 1509,0,Henry_VII
11 FEB 1466,11 FEB 1503,0,Elizabeth of_York
,1843,0,John Crocker
,1880,0,Elizabeth
1791,1856,0,Horace Beauchamp
,1827,0,Elizabeth Malet
1758,1834,0,George John
,1831,0,Lavinia
,1848,0,Henry
,1874,0,Cecilia Anne
,1870,0,
,1877,0,Anne
,1905,0,Louisa Jane
,1885,0,
1800,1888,0,George Charles
,1877,0,Anne
,1874,0,Caroline
1791,1860,0,Charles Lennox of_Richmond
,,0,David
,,0,Sarah
,1898,0,William Smith
,1852,0,Helen
,1888,0,William
,1848,0,Janet
,1878,0,James
,1893,0,Katherine Scott
23 APR 1981,,0,Gabriella Marina Alexandra
,,0,Thomas
,,0,John_Charles of_Buccleuch VII
,,0,Peter
,,0,Unknown
1900-07-01,,0,Barbara
1941,,0,Robert
1980-07-01,,0,Laura Jane
1951,,0,Neil
,,0,William
1899,1966,0,Andrew
1980,,0,Marian -Scott
,,0,John Andrew
1867,1943,0,Algernon Francis
,,0,John
,,0,Thomas
,,0,Emma
,,0,John
,1789,0,James
1905,1975,0,Fitzherbert
1904,,0,Doreen
ABT    1939,10 AUG 1990,0,Hector
,ABT    1967,0,Louise
ABT    1951,,0,Alex
ABT    1980,,0,Seamus
8 AUG 1988,,0,Beatrice Elizabeth Mary
15 DEC 1485,7 JAN 1536,0,Catherine of_Aragon
1473,9 SEP 1513,0,James_IV
,ABT    1557,0,Archibald
,ABT    1551,0,Henry
27 JUN 1462,1 JAN 1515,0,Louis_XII
,1545,0,Charles
1452,1516,0,Ferdinand_V
1451,1504,0,Isabella
31 JAN 1510,31 JAN 1510,0,Daughter
1 JAN 1511,22 FEB 1511,0,Henry_(1)
1513-11-01,1513-11-01,0,Henry_(2)
1514-12-01,1514-12-01,0,Son
18 FEB 1516,17 NOV 1558,0,Mary_I
10 NOV 1518,10 NOV 1518,0,Daughter
ABT    1501,19 MAY 1536,0,Anne
7 SEP 1533,23 MAR 1603,0,Elizabeth_I
29 JAN 1536,29 JAN 1536,0,Son
ABT    1505,24 OCT 1537,0,Jane
12 OCT 1537,6 JUL 1553,0,Edward_VI
22 SEP 1515,17 JUL 1557,0,Anne of_Cleves
,,0,John_III
,,0,Marie of_Julich
ABT    1520,13 FEB 1542,0,Catherine
,1513,0,Edmund
,,0,Joyce
ABT    1512,5 SEP 1548,0,Catherine
,,0,John
,,0,Margery
,BEF    APR 1533,0,Edward
,2 MAR 1543,0,John
,,0,Thomas
,,0,Thomas of_Kendal
,,0,Maud
29 AUG 1548,5 SEP 1548,0,Daughter
1537-10-01,12 FEB 1554,0,Jane
,12 FEB 1554,0,Guildford
21 MAY 1527,13 SEP 1598,0,Philip_II
1500,1558,0,Charles_V
1503,1539,0,Isabella of_Portugal
,4 AUG 1265,0,Simon
1928,,0,Tomislav of_Yugoslavia
1929,,0,Andrej of_Yugoslavia
,24 APR 1231,0,William
,,0,Dona_Maria da_Gloria
1980,,0,Peter of_Yugoslavia
1982,,0,Philip of_Yugoslavia
1982,,0,Alexander of_Yugoslavia
,,0,Alice
1958,,0,Nikolas K.
1959,,0,Katarina K.
,,0,Linda
1984,,0,George K.
,,0,Christina of_Hesse
1957,,0,Tatiana Maria
1960,,0,Christopher K.
1930,,0,Kira Melita of_Leiningen
,,0,Mitsi
,1765,0,Louis
1602,1644,0,Elizabeth of_France
1757,1836-11-01,0,Charles_X
1755,16 SEP 1824,0,Louis_XVIII
1953,,0,Maria of_Russia
ABT    1943,,0,Franz Wilhelm of_Prussia
1981,,0,George of_Russia
1898,1946,0,Karl of_Leiningen
1926,,0,Emich of_Leiningen
1928,,0,Karl of_Leiningen
1932,,0,Margarita
1936,,0,Mechtilde
1938,,0,Friedrich of_Leiningen
,,0,Eilika of_Oldenberg
1951,,0,Melita
1952,,0,Karl
1955,,0,Andreas
1958,,0,Stephanie
,,0,Margarite of_Hohenloche- Ochringen
,,0,Alexandra of_Hanover
1982,,0,Ferdinand
,,0,Karl
1963,,0,Ulf
1965,,0,Berthold
1971,,0,Johan
1601,1666,0,Anne of_Austria
,,0,Nina zu_Reventlow
,,0,Daughter
,,0,Donata of_Castell- Rudenhausen
1976,,0,Georg Friedrich
1978,,0,Corneilie-Cecile
,,0,Jutta
1967,,0,Micaela
1970,,0,Nataly
,,0,Waltraud
1968,,0,Philip
,,0,Ehrengard
1979,,0,Friedrich
1982,,0,Viktoria
1984,,0,Joachim
,,0,Margaret
1976,,0,Emily
1978,,0,Benjamin
1980,,0,Alexander
1982,,0,Edward
,,0,Fredericka Ann
1973,,0,Sophie
1977,,0,Rowan
,,0,Julie
1982,,0,Thomas
1984,,0,Ellen
1893,1945,0,Maud
1893,,0,Charles of_Southesk
1929,,0,James George Alexander
,,0,Caroline
1959,,0,Alexandra
1961,,0,David Charles
1927,,0,Johan Martin
1962,,0,Cathrine
1963,,0,Benedickte
1965,,0,Alexander
1969,,0,Elisabeth
1972,,0,Carl Christian
,,0,Erling
,,0,Haakon
,,0,Ingeborg
1968,,0,Ragnhild Alexandra
,,0,Anne of_Bourbon-Parma
3 OCT 1898,11 MAR 1953,0,Joana Maria Valentina
1949,,0,Margarita of_Romania
1950,,0,Helen of_Romania
1953,,0,Irina
1957,,0,Sophie
1964,,0,Maria
,,0,Robin
1985,,0,Nicholas
,,0,John
1985,,0,Michael
,,0,William
1963,,0,Martin
,,0,Alexandra
11 JUN 1456,16 MAR 1485,0,Anne
,1471,0,Richard
,1495,0,Cicely
,,0,Ralph of_Westmoreland 1st
ABT    1437,8 JUN 1492,0,Elizabeth
1466-08-01,23 MAY 1482,0,Mary
20 MAR 1469,24 AUG 1507,0,Cicely
4 NOV 1470,1483,0,Edward_V
10 APR 1472,11 DEC 1472,0,Margaret
17 AUG 1473,AFT    1483,0,Richard
2 NOV 1475,23 NOV 1511,0,Anne
1477-03-01,1479-03-01,0,George
ABT 14 AUG 1479,15 NOV 1527,0,Catherine
10 NOV 1480,1517,0,Bridget
,9 FEB 1499,0,John 1st
,,0,Thomas of_Isle_of_Wight
,19 NOV 1481,0,Anne
,,0,Thomas 3rd
,,0,William
,17 FEB 1461,0,John
BEF    1461,,0,Son
BEF    1461,,0,Son_2
13 OCT 1453,4 MAY 1471,0,Edward
1584,1611,0,Margaret of_Austria
,,0,Henry
,,0,Thomas
,,0,Charles the_Bold
,1415,0,Richard of_Cambridge
,,0,Anne
,,0,Ethelburh
,718,0,Ingild
,,0,Cwenburh of_Wimborne
,,0,Cuthburh
,,0,Aldfrid of_Northumbria
,786,0,Ealhmund of_Kent
,,0,Eaba
,,0,Eoppa
,,0,William of_Hainault
,,0,Thomas
,,0,William
,,0,Galeazzo
,,0,Otho of_Montferrat
,,0,Pedro_III of_Castile
,,0,Payne of_Guienne
,,0,Hugh
,,0,Katherine
1379,1406,0,Henry_III
1358,1390,0,John_I (Juan)
ABT    1333,1379,0,Henry_II (Enrique)
,,0,Humphrey of_Hereford
,,0,Edmund of_Stafford
,,0,Humphrey of_Buckingham
,,0,Joan
,,0,Isabel
1371,1435,0,Isabelle of_Bavaria
3 DEC 1368,22 OCT 1422,0,Charles_VI the_Beloved
,,0,Robert
,,0,Margaret
,,0,Thomas
,,0,Thomas
,,0,Eleanor
,,0,Richard
,1463,0,Henry
,1471,0,Edmund
,1471,0,John
,,0,Eleanor
,,0,Joan
,,0,Anne
,,0,Margaret
,,0,Elizabeth
,,0,James of_Wiltshire
,,0,Robert
,,0,Robert
,,0,Richard
,,0,William
,,0,Humphrey
,,0,Richard
,,0,Henry Fitz
,1536,0,Thomas of_Wiltshire
1479,1555,0,Joanna the_Mad (Juana)
,,0,William
,1674,0,Frances
,,0,Robert
,1569,0,Henry of_Cumberland
,ABT    1581,0,Adrian
,ABT    1568,0,Catherine
,1578,0,Mary
,,0,Edward
,1612,0,Edward Beauchamp
,1600,0,Thomas
,,0,Isabel
,,0,Honora
,,0,Richard
1614,1629,0,Frederick Henry
,1650,0,Philip
,1680,0,Elizabeth of_Hervorden
,1709,0,Louisa Hollandine of_Maubisson
,1651,0,Henrietta Maria
,1631,0,Charlotte
,,0,William of_Hesse
,,0,Anne
,,0,Sigismund of_Transylvania
,1690,0,Frederick Augustus
,1726,0,Maximilian William
,1690,0,Charles Philip
,1703,0,Christian
,,0,Edward
1666,1732,0,Victor Amadeus_II
1605,1665,0,Philip_IV
1578,1621,0,Philip_III
,,0,Maria of_Portugal
1545,1568,0,Elizabeth of_France
1549,1580,0,Anne of_Austria
,,0,Don_Carlos
,,0,James Louis
9 JUN 1624,17 JUN 1696,0,John_III
,,0,Gustavus Adolphus of_Stolberg-Ged.
,1726,0,George William of_Brunswick
,,0,Celle
,,0,Frederick_II of_Saxe-Gotha
,,0,Magdalena Augusta of_Anhalt-Zerbst
,,0,Edward
,,0,James Waldegrave_2nd
,1844,0,Sophia
,,0,Charles Louis Frederick
,,0,Elizabeth of_Saxe- Hildburghausen
,,0,Alfonso
,,0,Ernest of_Hohenlohe- Langenburg
,,0,of_Dalhousie XIII
1957,,0,Katharine Fraser
1961,,0,Alice
1963,,0,Elizabeth
,,0,Romaine
,,0,Janet
,,0,George of_Milford_Haven
,,0,Ivar
,,0,of_Mount_Temple
,,0,of_Lodesborough
,,0,J. Keyes-O'Malley
,,0,Michael Kelly Bryan
,,0,William Kemp
,,0,Robin Alexander
,1257,0,Maelgwn Fychan
,,0,Eleanor
,1265,0,Maredudd Ap_Owain
,1275,0,Owain
,1309,0,Llywelyn
,ABT    1343,0,Thomas
,,0,Margaret
,,0,Tudor Fychan of_Pemmynydd
,,0,Maredudd (Meredith)
,1331,0,Goronwy_Ap Tudor
,1311,0,Tudor Hen
,,0,Goronwy
,,0,Ednyfed Fychan
,1236,0,Gwenllian
,1197,0,Rhys_Ap Gruffydd
,1137,0,Gruffydd
,,0,Rhys_Ap Twedwr
,,0,Tewdwr Mawr the_Great
,,0,Cadell
,984,0,Einion
,,0,Michael of_Hillsborough
,,0,William
,,0,Eleanor
,,0,Michael
,,0,Mary
,1624,0,Dermont
,1597,0,Murrough
,1573,0,Murrough
,1557,0,Dermod
,1551,0,Murrough
,,0,Turlough Don
,,0,Teige An_Chomard
,,0,Turlough Bog the_Soft
,,0,Brian_Catha An_Eanaigh
,,0,Mahon Moinmoy
,,0,Mortogh
,1306,0,Turlough
,,0,Teige Caeluisce
,,0,Conor Na_Suidane
,1194,0,Donnell More
,,0,Urlachan
,,0,Turlough
,,0,Dermot
,,0,Turough
,1023,0,Teige (Terence)
,,0,Brian Boru
,1080,0,Dearbforgail
,1072,0,Dermot
,1090,0,Murchad
,,0,Eva
,,0,William
,,0,Isabel
,,0,Richard (Strongbow)
,,0,Aoife (Eva)
,1171,0,Dermot
,1126,0,Enna
,1126,0,Donchad
,,0,Sybil
,,0,Ingibiorg
,,0,Finn
,1131,0,Matilda
,1152,0,Henry of_Huntingdon
,,0,Ada
,,0,Malcolm_IV the_Maiden
,,0,Willaim_I the_Lion
,1234,0,Ermengarde
,,0,Mary of_Coucy
,,0,Eric
ABT    1282,1290,0,Margaret Maid_of_Norway
,,0,Duncan_II May-Nov
,,0,Ethelreda
,,0,Duncan_I
,,0,Sybil
,,0,Donald_III Bane
,,0,Crinan
,,0,Bethoc
,,0,Gillacomgan
,,0,Gruoch
,,0,Lulach
,1057,0,Macbeth
,,0,Malcolm_II
,,0,Kenneth_II
,,0,Malcolm_I
,,0,Donald_II
,,0,Constantine_II
,,0,Duff
,,0,Kenneth_III
,,0,Beoedhe
,,0,Constantine_IV
,,0,Colin
,,0,Indulf
,,0,Constantine_III
,,0,Aedh
,,0,Kenneth_I
,,0,Unknown_Dau.
,,0,Run of_Strathclyde
,,0,Eocha
,834,0,Alpin
,,0,Donald_I
,,0,Charles_II
,,0,Reynald
,,0,of_Burgandy
,,0,Peter of_Luxemburg
,,0,Richard
,,0,Rene
,,0,Thomas of_Heton
,,0,Joachim Frederick of_Brandenburg
,,0,Richard
,,0,John
,,0,Thomas
,,0,Edward
,,0,Edmund
,1409,0,Roger
,,0,Eleanor
,,0,Edward
,1409,0,Edmund
,,0,Elizabeth
,1401,0,Philippa
,,0,Henry (Hotspur)
,,0,Thomas
,,0,John
,,0,Richard
,,0,Thomas of_Basing
1316,1378,0,Charles_IV
,,0,John
,,0,John
,,0,Constance
,,0,Thomas of_Gloucester
,,0,Philippa
,,0,
,,0,John
,,0,Thomas
,,0,John
1759,1801,0,Hugh
,1801,0,Anne Horatia
1718,1794,0,Francis of_Hertford I
1726,1782,0,Isabella
1683,1757,0,Charles
,1726,0,Henrietta
1663,1690,0,Henry
,1723,0,Isabella
,,0,William of_Northampton
,1553,0,John Northumberland
,,0,Jane
,1554,0,John
,1590,0,Ambrose
,,0,Henry
,1588,0,Robert of_Leicester
,,0,Jane
,1586,0,Mary
,,0,Catherine
,1588,0,Anne
,,0,Edward
,1552,0,Anne
,,0,Elizabeth
,1603,0,Anne
,,0,John
,1563,0,Margaret
,1572,0,Thomas
,,0,Henry
,1586,0,Henry
,1595,0,Henry of_Huntington
,1560,0,Amy
,1634,0,Lettice
,,0,Henry
,1571,0,Thomas
,1596,0,Margaret
,1593,0,Henry
,1581,0,Anne
,1512,0,Elizabeth
,1536,0,George Rochford
,1544,0,Mary
,1528,0,William
,1524,0,Thomas
,1497,0,Elizabeth
,,0,Thomas
,1511,0,Anne of_York
,1558,0,Elizabeth
,,0,Dorothy
,1545,0,Agnes
,1572,0,William of_Effingham
,,0,Dorothy
,1534,0,Elizabeth
,1531,0,Catherine
,1535,0,Margaret
,1572,0,Edward
,1556/1557,0,Henry
,1546,0,Henry
,,0,Mary
,1582,0,Thomas
,1577,0,Frances de_Vere
,1572,0,Thomas
,1614,0,Henry of_Northhampton
,1596,0,Catherine
,1593,0,Jane
,1592,0,Margaret
,1533,0,Henry
,,0,Gertrude
,1557,0,Mary
,1595,0,Philip
,,0,Anne
,1646,0,Thomas
,1654,0,Aletheia
,1563,0,Margaret
,1626,0,Thomas
,1576,0,Mary
,1633,0,Catherine
,1640,0,Theophilus
,1669,0,Thomas of_Berkshire
,,0,Henry
,1672,0,Catherine
,,0,Frances
,,0,Elizabeth
,,0,Elizabeth
,1643,0,Elizabeth
,,0,William of_Newcastle
,1668,0,William of_Berkshire
,1646,0,Robert
,1645,0,Robert
,1640,0,William
,,0,Elizabeth
,1598,0,Frances
,1639,0,Frances
,,0,Ludovic of_Richmond
,1552,0,Edward
,1587,0,Anne
,1596,0,Henry
,,0,Catherine
,1618,0,Edward Beauchamp
,1664,0,Francis
,1620,0,Honora
,,0,Anne
,,0,Edward
,,0,Frances
,1700,0,Catherine
,1568,0,Catherine
,,0,Anne
,1596,0,Francis
,1583,0,Henry
,1632,0,William
,,0,Anne
,,0,Catherine
,1606,0,Margaret
,1576,0,Walter
,1601,0,Christopher
,,0,Thomas
,1580,0,Gerald
,1685,0,Charles
,,0,Mariana of_Austria
,,0,Maria
1608,1657,0,Ferdinand_III
1578,1637,0,Ferdinand_II
1640,5 MAY 1705,0,Leopold_I
,,0,Eleanor of_Neuburg
1683,1746,0,Philip_V
1692,1766,0,Isabella Elizabeth
1682,1712,0,Louis
,,0,Maximilian Emmanuel of_Bavaria
,1699,0,Joseph Ferdinand
1678,1711,0,Joseph_I
1685,1740,0,Charles_VI
,1780,0,Maria Theresa
1708,1765,0,Francis_I Stephen
13 MAR 1741,1790,0,Joseph_II
,,0,Eugene of_Leuchtenberg
,,0,Augusta of_Bavaria
1802,1878,0,Francis Charles
31 MAR 1519,10 JUL 1559,0,Henry_II
1519,1589,0,Catherine of_Florence
1499,1524,0,Claude of_France
,,0,Margaret of_Navarre
1405,1454,0,John_II (Juan_II)
,,0,Isabella of_Portugal
,,0,Walter
,,0,Alice
14 JUL 1977,,0,Victoria Ingrid Alice
13 MAY 1979,,0,Carl Philip
1750,1806,0,Francis Frederick of_Saxe-Coburg
1836,1902,0,Maria Henrietta
1776,1847,0,Joseph of_Austria
21 AUG 1165,14 JUL 1223,0,Philip_II Augustus
ABT    1081,1 AUG 1137,0,Louis_VI the_Fat
,1154,0,Adelaide of_Savoy
1052,29 JUL 1108,0,Philip_I the_Fair
,1093,0,Bertha of_Holland
,,0,Bertrada de_Montfort
1008-04-01,4 AUG 1060,0,Henry_I
ABT     970,1031,0,Robert_II the_Pious
,1032,0,Constance of_Arles
1007,1025,0,Hugh
,,0,Unknown
ABT     962,,0,Bertha of_Burgundy
ABT     938,0996-08-01,0,Hugh
4 OCT 1289,5 JUN 1316,0,Louis_X the_Headstrong
ABT    1294,3 JAN 1322,0,Philip_V the_Tall
15 NOV 1316,20 NOV 1316,0,John_I
1120,1166,0,William_I
,,0,Roger_II
,,0,Philip
,,0,Robert
,,0,Pierre de_Courtenay
,,0,Henry of_Beauvais
,,0,Philip
,,0,Constance of_Toulouse
,1160,0,Constance of_Castile
,1206,0,Adele of_Champagne
,1190,0,Isabella of_Hainault
1175,1236,0,Ingeborg
,1201,0,Agnes of_Meranie
,,0,Philip
,1271,0,Alphonse
1221,1295,0,Margaret of_Provence
,,0,Raymond of_Provence
,,0,Charles of_Anjou
,1321,0,Mary of_Brabant
1271,1305,0,Joan of_Navarre
ABT    1293,1328,0,Clemence of_Hungary
1288,1342,0,Charles_I
,,0,Charles_II
ABT    1293,1329,0,Joan of_Burgundy
ABT    1296,1326,0,Blanche of_Burgundy
1305,ABT    1323,0,Marie of_Luxemburg
,1371,0,Joan of_Evreux
1293,22 AUG 1350,0,Philip_VI of_Valois
1270,1325,0,Charles de_Valois
,ABT    1349,0,Joan of_Burgundy
,1398,0,Blanche of_Navarre
26 APR 1319,8 APR 1364,0,John_II the_Good
21 JAN 1337,16 SEP 1380,0,Charles_V the_Wise
1338,4 FEB 1378,0,Joan of_Bourbon
,1407,0,Louis of_Beaumont
,,0,Catherine
1378-02-01,1378-02-01,0,Isabelle
,,0,Stanislaw
1553,1615,0,Margaret of_Valois
,,0,Elizabeth
1686,1714,0,Charles
,1805,0,Clotilde of_Savoy
1775,,0,of_Angouleme
1778,,0,of_Berry
1773,1850,0,Louis_Philippe_I
,,0,Desideria
,1793,0,Louis-Philippe Joseph
,,0,Louise Adelaide de_Penthievre
,1785,0,Louis-Philippe
,1752,0,Louis of_Orleans
1674,1723,0,Philippe Duc_de_Chartes
,1404,0,Philip the_Bold
,1349,0,Bonne of_Luxemburg
,,0,Joan of_Valois
,,0,Robert of_Artois
27 JUN 1550,30 MAY 1574,0,Charles_IX
19 SEP 1551,2 AUG 1589,0,Henry_III
,,0,Charles of_Valois
,,0,John of_Valois
31 OCT 1934,,0,Margaretha of_Sweden
19 JAN 1937,,0,Birgitta of_Sweden
2 JUN 1938,,0,Desiree of_Sweden
3 AUG 1943,,0,Christina Louise Helen
,1921,0,Peter_I
,ABT    1889,0,Zorka of_Montenegro
,,0,George
,,0,Robert
,,0,Hugh the_Great of_Vermandois
ABT    1024,ABT    1066,0,Anne of_Kiev
,BEF    1044,0,Matilda of_Germany
22 FEB 1403,21 JUL 1461,0,Charles_VII
1404,1463,0,Mary of_Anjou
,,0,Yolande of_Aragon
3 JUL 1423,30 AUG 1483,0,Louis_XI
ABT    1418,1445,0,Margaret of_Scotland
ABT    1445,1483,0,Charlotte of_Savoy
30 JUN 1490,7 APR 1498,0,Charles_VIII
1461,1522,0,Anne
1477,1514,0,Anne of_Brittany
,,0,Anne of_Cleves
1464,1505,0,Joan of_Valois
1476,9 JAN 1514,0,Anne of_Brittany
,,0,Catherine of_Brandenburg -Kustrin
ABT     757,783,0,Hildegard
,811,0,Charles
777,810,0,Pepin
778,840,0,Louis_I the_Pious of_Aquitaine
,,0,Berthe
,794,0,Fastrada
,800,0,Luitgard
,,0,Bertha of_Toulouse
,,0,Irmengard of_Hesbain
,,0,Judith of_Bavaria
795,855,0,Lothar_I
,838,0,Pepin_I of_Aquitaine
,,0,Adelaide
ABT     805,876,0,Louis_II the_German
823,6 OCT  877,0,Charles_II the_Bald
ABT     799,818,0,Bernard
,,0,Irmengard
ABT     822,875,0,Louis_II le_Jeune
ABT     826,868,0,Lothar_II of_Lorraine
,863,0,Charles
,870,0,Pepin_II of_Aquitaine
,876,0,Emma of_Bavaria
ABT     828,880,0,Carloman
,882,0,Louis the_Young
839,887,0,Charles_III the_Fat
,869,0,Ermentrude
846,879,0,Louis_II the_Stammerer
,866,0,Charles of_Aquitaine
,876,0,Carloman
,,0,Judith
,,0,Ansgarde of_Burgundy
ABT     863,882,0,Louis_III
,884,0,Carloman
,,0,Adelaide Judith
879,929,0,Charles_III the_Simple
902,,0,Eadgifu of_England
,,0,Engeberge
,,0,Irmengard
,887,0,Boso
ABT     880,928,0,Louis_III the_Blind
,,0,Theutberga of_Valois
,,0,Waldrada
,,0,Litwinde
ABT     863,899,0,Arnulf
,,0,Oda of_Bavaria
893,911,0,Louis_III the_Child
,900,0,Zwentibold
,,0,Hedwige
,,0,Otto of_Saxony
,,0,Henry the_Fowler
,,0,Matilda of_Ringelheim
,,0,Bruno of_Cologne
,,0,Otto_I
,968,0,Gerberge
ABT     920,954,0,Louis_IV d'Outre-Mer
ABT     986,997,0,Louis_V the_Coward
,1021,0,Adalberon of_Rheims
714,768,0,Pepin the_Short
,783,0,Bertha
ABT     751,771,0,Carloman
,,0,Gerberge of_the_Lombard
ABT     686,741,0,Charles
1757,1831,0,Augusta Reuss-Ebersdorf
1554,1592,0,Elisabeth of_Austria
27 OCT 1572,2 APR 1578,0,Marie Elisabeth
1553,1601,0,Louise of_Lorraine
1247,1271,0,Isabelle of_Aragon
1290,1315,0,Marguerite of_Burgundy
ABT    1326,1361,0,Joan of_Boulogne
1846,1917,0,Magdalen of_Hochstadten
,,0,William of_Prussia
,,0,John
1823,1883,0,Francis_II Frederick of_Mecklenburg
1857,1952,0,Josephine of_Lichtenberg
,,0,Philip
1848,1879,0,Caroline of_Nidda
1868,1961,0,Emily of_Dornberg
,,0,Auckland L. of_Rolvenden
1860,1878,0,Maria de_las_Mercedes
1880,1904,0,Maria de_las_Mercedes
1882,1912,0,Maria Theresa
1870,1949,0,Charles of_Bourbon -Sicily
1882,1952,0,Louise
1934,,0,Louis de_la_Torre
1943,,0,Carlos Zurita_y_Delgado
1906,,0,Edelmira
,,0,Martha y_Altazurra
1911,,0,Maria Christina
1914,1934,0,Gonzalo
1895,1968,0,Henry C.
1911,,0,Alexander of_Civitella- Cessi
1913,,0,Emmanuela de_Dampierre
1919,,0,Charlotte
1884,1958,0,Ferdinand of_Bavaria
1859,1949,0,Louis Ferdinand of_Bavaria
1862,1946,0,Maria de_la_Paz
1801,1875,0,Adolph of_Schwarzburg- Rudolstadt
1826,1914,0,Matilda
1770,1819,0,Frederica
1803,1892,0,Alexandrine
1774,1799,0,Frederick
1830,1872,0,Amalia
1855,1888,0,Mary
,1650,0,Lucas
,,0,Anne
,1633,0,Theodore
,1631,0,Xenia
,1706,0,Anne
,,0,Leonti
,1641,0,Praskovia
1831,1891,0,Nicholas
1832,1909,0,Michael
1838,1900,0,Alexandra
1839,1891,0,Cecily (Olga)
1859,1919,0,Nicholas
1861,1929,0,Michael
1869,1918,0,Sergius
1863,1919,0,George
1866,1933,0,Alexander Mikhailovich (Sandro)
1868,1927,0,Sophia of_Nassau
1861,1929,0,Nadezhda
1865,1929,0,Elizabeth
,,0,Maurice of_Saxe- Altenburg
1881,1919,0,Artemi
,,0,Frederick Francis_II of_Mecklengb-Sch
,,0,George Bagration- Mukhranski
1886,1918,0,Ivan
1891,1918,0,Constantine
1894,1918,0,Igor
1881,1962,0,Helen
,,0,Peter_I
1732,1797,0,Frederick Eugene of_Wurttemberg
1736,1798,0,Dorothea of_Brandenburg -Schwedt
1690,1747,0,Christian Augustus
1712,1760,0,Joanna
1908,1980,0,Peter
,,0,John of_Brandenburg
1851,1897,0,Frederick Francis_III Mecklenburg-Schw
1860,1922,0,Anastasia
1868,1945,0,Frederick of_Schaumburg -Lippe
1910,1975,0,Feodora
1914,1962,0,Alexandrine Louise
1919,,0,Gorm
1923,,0,Oluf of_Rosenborg
1926,,0,Helen
1938,,0,Inge
,,0,Charles Augustus
1947,1981,0,Guelph
1949,,0,George
1954,,0,Fredericka
1948,,0,Wilbeke
1951,,0,Victoria
1965,,0,Caroline Louise
1971,,0,Mireille
6 JUN 1924,,0,John Kenneth
14 APR 1965,,0,Sybilla Louise
14 JUL 1966,,0,Charles Edward
10 JUN 1969,,0,James Patrick
31 JUL 1932,,0,Johann Georg of_Hohenzollern
5 APR 1962,,0,Carl Christian
27 NOV 1963,,0,Desiree Margaretha Victoria
10 JUN 1966,,0,Hubertus Gustaf Adolf
31 MAY 1934,,0,Nicholas
22 MAR 1965,,0,Carl Otto Edmund
29 SEP 1966,,0,Christina Louise
20 SEP 1968,,0,Helene Ingeborg
7 APR 1941,,0,Tord Gosta
8 AUG 1975,,0,Carl Gustaf Victor
20 JUN 1977,,0,Tord Oscar Fredrik
10 SEP 1980,,0,Victor Edmund Lennart
10 JUN 1982,,0,Madeleine Therese Amelie
15 JUL 1924,,0,Marianne of_Wisborg
30 AUG 1915,,0,Lilian May of_Sweden
1911,,0,Erika
1909,,0,Sonia
4 MAR 1910,11 SEP 1987,0,Elin Kerstin Margareta
12 MAY 1923,,0,Gunnila Martha Louise
7 JUL 1911,,0,Karin Emma Louise
7 MAY 1944,,0,Sonja Anita Maria
22 APR 1932,,0,Kristine
1944,,0,Michael
1947,,0,Christine
1948,,0,Monica
1949,,0,Christian
1950,,0,Johan
1933,,0,Birgitta
1935,,0,Marie Louise
1941,,0,Jan
1944,,0,Cecilia
1922,,0,Friedrich
1956,,0,Friedrich
1957,,0,Andreas
1960,,0,Christina
1961,,0,Desiree
1964,,0,Stephan
1930,,0,Rudolf
1957,,0,Heinrich
1958,,0,Karin
1961,,0,Madeleine
1941,,0,Gunilla
1944,,0,Anna
1968,,0,Sophia
1938,,0,Annegret
1971,,0,Cecilia
1953,,0,Maritta
1977,,0,Son
1939,,0,Hans-Jorg
1974,,0,Bettina
1975,,0,Bjorn
1977,,0,Catherina
1859,1953,0,Oscar
1865,1947,0,Eugene
1858,1946,0,Ebba of_Fulkila
1889,1974,0,Maria Bernadotte
1890,1977,0,Carl Bernadotte
1892,1936,0,Sophia Bernadotte of_Wisborg
1893,,0,Elsa Bernadotte of_Wisborg
1895,1948,0,Folke Bernadotte
,,0,Charles of_Fulkila
1893,,0,Marianne of_Leufsta
1916,,0,Dagmar
1921,,0,Oscar
1926,,0,Catharina
1910,,0,Nils Magnus
1937,,0,Marianne
1940,,0,Louise
1946,,0,Catherine
1951,,0,Jeanette
1955,,0,Madeleine
1934,,0,Miles
1960,,0,Camilla
1936,,0,Dick
1963,,0,Therese
1965,,0,Michael
1943,,0,Johan
1971,,0,Gustaf
1974,,0,Charlotte
1947,,0,Esben
1918,,0,Ebba
1945,,0,Ebba
1943,,0,Pontus
1971,,0,Gustaf
1973,,0,Anna
1916,,0,Gertrude
1951,,0,Christina
1950,,0,Peter
1953,,0,Birgitta
1955,,0,Carl
1915,,0,Tore
1950,,0,Jan
1952,,0,Charlotte
1954,,0,Anne Marie
1910,,0,Gerty
1942,,0,Claes
1943,,0,Birgitta
1970,,0,Carl Johann
1973,,0,Louise
1885,1966,0,Carl Marten
1891,1971,0,Hugo
1904,,0,Estelle
1930,1966,0,Gustaf
1931,,0,Folke
1934,1934,0,Fredrik Oscar
1925,,0,Bertil
1932,,0,Christine
1956,,0,Anna
1958,,0,Folke
1962,,0,Maria
1963,,0,Gunnar
,,0,Axel of_Denmark
1904,,0,Elsa
1938,,0,Madeline Bernadotte
1927,,0,Charles de_Schooten
1964,,0,Marie Christine
1965,,0,Jean Charles
1970,,0,Astrid
1972,,0,Sophie
1921,,0,Ann
1882,1962,0,Mary
,,0,Roland
1904,,0,Irene
1910,,0,Eugenia
1911,1976,0,Dominic
1907,,0,Raymond of_Castel
1883,1923,0,Anastasia
1902,1953,0,Francis of_Guise
1881,1965,0,Perikles Joannides
1939,,0,Michael
1940,,0,Marina
1726,1756,0,Louise
1727,1780,0,Ernest Frederick_III of_Saxe-
1746,1792,0,Gustaf_III
1743,1821,0,William_I of_Hesse-Cassel
1680,1729,0,Charles
1687,1705,0,William
1647,1717,0,Anne Sophia
1649,1704,0,Frederica
1656,1693,0,Ulrica
1655,1697,0,Charles_XI
1578,1624,0,Ulrich
1580,1639,0,Augusta
1581,1641,0,Hedwig
1416,1448,0,Christopher_III
1461,1521,0,Christina
1512,,0,Anne
1534,,0,Alexander
1476,1503,0,James
1479,1503,0,John
,1318,0,Edward
,1307,0,Thomas
,1307,0,Alexander
,1306,0,Nigel
1358,,0,Isabel
1806,1878,0,Mary Christina of_Sicily
1784,1806,0,Antonia of_Sicily
1797,1818,0,Isabella of_Portugal
1803,1829,0,Mary Josepha
1748,1819,0,Charles_IV
1751,1819,0,Maria Louisa of_Parma
1716,1788,0,Charles_III
1724,1760,0,Mary Amalia
1660,1690,0,Mary Anne of_Bavaria
1688,1714,0,Mary Louise
1540,1590,0,Charles
1478,1506,0,Philip_I the_Handsome
,1536,0,Germaine of_Narbonne
1470,1498,0,Isabella
1482,1517,0,Mary
1478,1497,0,John
1475,1491,0,Alphonso of_Portugal
1469,1521,0,Emanuel
1480,1530,0,Margaret
,1504,0,Philibert_II
1498,1558,0,Eleanor
1724,1779,0,Henry_XXIV Reuss-Ebersdorf
1727,1795,0,Caroline Erbach-Schonberg
1724,1800,0,Ernest Frederick of_Saxe-Coburg
1724,1802,0,Sophia Antonia of_Brunswick
,,0,Michael of_Portugal
1872,1931,0,Emanuel of_Orleans
1858,1924,0,Louise
1864,1945,0,Stephanie
1872,1955,0,Clementine
1862,1926,0,Victor
1858,1889,0,Rudolph of_Austria
1863,1946,0,Elemer
1844,1921,0,Philip of_Saxe-Coburg
1760,1776,0,Sophia
1820,1904,0,Alexandrine of_Baden
1797,1862,0,Antoinette (Antonia)
1753,1830,0,Louis_I of_Hesse-Darmst.
1761,1829,0,Louise of_Hesse-Darmst.
,1663,0,Marie Christine
,,0,Marie de_Bourbon
1627,1693,0,Ann Marie Louise
1652,1722,0,Elizabeth Charlotte of_Bavaria
1676,,0,Elizabeth Charlotte
,,0,Leopold Joseph de_Lorraine
1677,1749,0,Francoise Marie de_Blois
1685,1712,0,Marie Adelaide of_Savoy
1695,1715,0,Marie Louise of_Orleans
,,0,Ivan of_Shestov
,,0,Ivan
,,0,Constantine
1898,1963,0,Zenaida
,,0,Felix Krzesinski
,,0,Valerian
,,0,John
,,0,Susan
1978,,0,Andrew
1980,,0,Alice
1985,,0,Elizabeth (Eliza)
1880,1947,0,Mervyn Powerscourt
1836,1904,0,Mervyn
1844,1931,0,Julia
1870,1947,0,Henry Fitzherbert
1873,1955,0,Muriel
1833,1879,0,Henry
1838,1886,0,Harriet
1808,1874,0,Charles
1811,1836,0,Margaret -Scott
1772,1819,0,Charles of_Buccleuch
1806,1884,0,Walter -Scott of_Buccleuch
1831,1914,0,William -Scott of_Buccleuch
1836,1912,0,Louisa
1872,1944,0,Herbert -Scott
1873,1948,0,Margaret
1941,1906,0,Henry
1814,1892,0,Henry
1772,1819,0,Henry of_Buccleuch
1721,1750,0,Francis
1695,1751,0,Francis of_Buccleuch
1822,1902,0,Thomas of_Leicester
1754,1842,0,Thomas of_Leicester
1803,1844,0,Anne
1724,1772,0,William of_Albemarle
,1120,0,Richard
23 MAR 1990,,0,Eugenie Victoria Helena
ABT    1986,,0,Ayesha
ABT    1962,,0,Paul
26 MAY 1990,,0,
1964,,0,Victoria
ABT    1991,,0,Kitty
,,0,Paul of_Yugoslavia
,,0,Son
,,0,Peter
ABT    1957,,0,Sylvana
,,0,John Paul
,,0,Max
,,0,Josiane
,,0,Antoinette
,,0,Sophie
,,0,Julie
ABT    1762,1814,0,Emich Karl of_Leiningen
,,0,Lucy
17 JUL 1979,,0,Frances
,,0,Julia
,,0,Athol
ABT    1943,,0,
,,0,Erwin
,,0,Sophie
ABT    1898,,0,Alexander (Sachie)
,,0,Gerald
,,0,Hugh
,,0,Harold
,,0,Gracie
11 OCT 1937,,0,Ian
,,0,
,,0,
,,0,
,,0,
,,0,Humphrey
,27 MAY 1917,0,Bertram (Bertie)
5 SEP 1877,,0,Mary Hamilton (Polly)
3 JAN 1907,30 MAY 1940,0,Ronald
4 JAN 1912,29 MAY 1940,0,Anthony (Tony)
,,0,Edith
,,0,Mary Anne
,,0,Andrew
,,0,George
,,0,Melloney
,BEF    1877,0,
,,0,Emily
1879,,0,John Sanford
,,0,James
,,0,Flora
,ABT    1911,0,
31 DEC 1939,,0,Glen
 , ,0,Unknown
